Timestamp,Robot X,Robot Y,Tracking Pose X,Tracking Pose Y,Heading,Velocity,Path
0.0,4.440892098500626E-16,-2.220446049250313E-16,,,90.0,,
2633.0,1.3322676295501878E-15,0.0,,,90.0,,
2655.0,2.220446049250313E-15,0.0,,,90.0,,
2674.0,3.1086244689504383E-15,0.0,,,90.0,,
2694.0,3.9968028886505635E-15,0.0,,,90.0,,
2713.0,4.884981308350689E-15,0.0,,,90.0,,
2731.0,5.773159728050814E-15,0.0,,,90.0,,
2755.0,6.661338147750939E-15,0.0,,,90.0,,
2772.0,0.0010908305661714301,-5.949558390394571E-7,,,89.9375,,
2785.0,0.0010908305661718742,-5.949558388174125E-7,,,89.9375,,
2799.0,0.0010908305661720963,-5.949558388174125E-7,,,89.9375,,
2813.0,0.0010908305661720963,-5.949558388174125E-7,,,89.9375,,
2826.0,0.0010908305661720963,-5.949558388174125E-7,,,89.9375,,
2838.0,0.0010908305661720963,-5.949558388174125E-7,,,89.9375,,
2851.0,0.0010908305661720963,-5.949558388174125E-7,,,89.9375,,
2867.0,0.0010908305661720963,-5.949558388174125E-7,,,89.9375,,
2884.0,0.0010908305661720963,-5.949558388174125E-7,,,89.9375,,
2900.0,0.0010908305661720963,-5.949558388174125E-7,,,89.9375,,
2918.0,0.0010908305661720963,-5.949558388174125E-7,,,89.9375,,
2937.0,0.0010908305661720963,-5.949558388174125E-7,,,89.9375,,
2957.0,0.0010908305661720963,-5.949558388174125E-7,,,89.9375,,
2976.0,0.0010908305661720963,-5.949558388174125E-7,,,89.9375,,
2996.0,0.0010908305661720963,-5.949558388174125E-7,,,89.9375,,
3015.0,0.0010908305661720963,-5.949558388174125E-7,,,89.9375,,
3034.0,0.0010908305661720963,-5.949558388174125E-7,,,89.9375,,
3053.0,0.0010908305661720963,-5.949558388174125E-7,,,89.9375,,
3072.0,0.0010908305661720963,-5.949558388174125E-7,,,89.9375,,
3139.0,0.0010908305661720963,-5.949558388174125E-7,,,89.9375,,
3159.0,0.0010908305661720963,-5.949558388174125E-7,,,89.9375,,
3195.0,0.0010908305661720963,-5.949558388174125E-7,,,89.9375,,
3467.0,-0.003290845127458475,0.01682458268207576,,,90.18750000000003,,
3486.0,-0.00934449026625428,-0.44325741703993704,,,90.75000000000004,,
3505.0,-0.010339820431724212,-0.8360285134714547,,,91.18750000000004,,
3527.0,-0.005789996685179766,-1.1445518970865243,,,91.31250000000006,,
3545.0,0.007142099233583332,-1.4697393336291118,,,90.93750000000007,,
3564.0,0.015721202985751637,-1.766976633982154,,,90.68750000000007,,
3583.0,0.022365326359291116,-2.092304345050973,,,90.50000000000009,,
3650.0,0.026485262097967865,-2.4625421455060863,,,90.43750000000009,,
3669.0,0.03813676517924125,-3.9884140926697786,,,90.43750000000009,,
3688.0,0.04186353270891363,-4.476468722828755,,,90.43750000000009,,
3710.0,0.04614258026489182,-5.1328241135694945,,,90.50000000000009,,
3726.0,0.050201320663483706,-5.688199027873807,,,90.5625000000001,,
3741.0,0.05303771684900682,-6.148214289857992,,,90.68750000000011,,
3758.0,0.05702456799437372,-6.6194412793313155,,,90.8125000000001,,
3777.0,0.062270536029012113,-7.157984172017574,,,91.00000000000009,,
3795.0,0.07218529137393825,-7.7693933000091455,,,91.06250000000007,,
3814.0,0.08287407013742887,-8.386400213386437,,,91.12500000000007,,
3834.0,0.0937830768686776,-8.980959722761057,,,91.18750000000007,,
3853.0,0.10701115089365865,-9.65402902341945,,,91.25000000000009,,
3874.0,0.12157451593839896,-10.321458594337061,,,91.25000000000009,,
3894.0,0.13841562367544902,-11.061786101850105,,,91.18750000000009,,
3916.0,0.15379149639773826,-11.835812317377886,,,91.25000000000009,,
3935.0,0.168380968315609,-12.536909707980072,,,91.31250000000009,,
3955.0,0.1845718719170324,-13.243582600799458,,,91.31250000000009,,
3978.0,0.20486543067284368,-14.073615318246965,,,91.18750000000009,,
3997.0,0.21904952364782204,-14.757886724287363,,,91.18750000000009,,
4017.0,0.23216603101586042,-15.459015659992977,,,91.31250000000009,,
4033.0,0.24883585451278645,-16.216181157077756,,,91.3750000000001,,
4047.0,0.2620283301263677,-16.76580156551484,,,91.3750000000001,,
4062.0,0.27656697672092645,-17.371505689098562,,,91.3750000000001,,
4080.0,0.28800943005923596,-17.848217267845012,,,91.3750000000001,,
4097.0,0.3042660992370858,-18.55488945767505,,,91.4375000000001,,
4163.0,0.3197118889537318,-19.199853915708836,,,91.5000000000001,,
4184.0,0.3819772796732035,-21.57767325481274,,,91.5000000000001,,
4202.0,0.39915900305569973,-22.233816798857923,,,91.5000000000001,,
4220.0,0.41305966504976244,-22.79464427535703,,,91.56250000000011,,
4242.0,0.430957119643528,-23.45076868667673,,,91.56250000000011,,
4261.0,0.44593762602778386,-24.028404115463104,,,91.62500000000011,,
4280.0,0.4626417480227214,-24.617215844315524,,,91.62500000000011,,
4300.0,0.47902769626537434,-25.194812111665996,,,91.62500000000011,,
4318.0,0.4944761507317603,-25.766823212720098,,,91.68750000000011,,
4399.0,0.5452342076719667,-27.39298329971527,,,90.8125000000001,,
4427.0,0.552306578009035,-27.695857569448776,,,90.6250000000001,,
4444.0,0.5546319595160123,-27.909024387827962,,,90.6250000000001,,
4462.0,0.5487318150084777,-28.026933494527363,,,91.06250000000011,,
4517.0,0.4138935242856945,-28.212425916422887,,,93.81250000000011,,
4782.0,0.34761494606414756,-28.661886648440912,,,100.87500000000013,,
4825.0,0.3445647770882667,-28.62872862966943,0.0,-28.66,100.93750000000014,1.74," || 0 || 0 || "
4888.0,0.3403963577845093,-28.28289128005092,0.0,-28.63,101.25000000000016,0.71," || 0 || 0 || "
4967.0,0.3620539723436853,-27.567048000409024,0.0,-28.28,101.25000000000017,5.76," || 0 || 0 || "
5039.0,0.3949865092073057,-26.417591285786536,0.0,-27.57,100.25000000000016,11.55," || 0 || 0 || "
5093.0,0.41733325163435553,-25.458428086984387,0.0,-26.42,99.43750000000014,13.07," || 0 || 0 || "
5147.0,0.4397299232294929,-24.470921167116515,0.0,-25.46,98.56250000000016,17.13," || 0 || 0 || "
5201.0,0.4595310946132929,-23.39395252311938,0.0,-24.47,97.81250000000016,18.29," || 0 || 0 || "
5274.0,0.496115797742932,-21.800672853743244,0.0,-23.39,96.62500000000016,20.71," || 0 || 0 || "
5346.0,0.38727061173798294,-20.556742272753095,0.0,-23.39,95.50000000000014,20.71," || 0 || 0 || "
5417.0,0.4400839580233531,-20.599723038592625,0.0,-23.0,94.75000000000014,17.11," || -23 - 0.4114203115792408 (x-0.0) + 3.94908660684935E-4 (x-0.0)^3 || -27 - 0.26806846775060933 (x-11.0) + 0.013031985802602855 (x-11.0)^2 - 1.5790859865279553E-4 (x-11.0)^3 || -27 + 0.027889489199707324 (x-50.0) - 0.005443320239774223 (x-50.0)^2 - 0.00425071218003972 (x-50.0)^3 || -27 - 0.04489233791986619 (x-52.0) - 0.030947593320012543 (x-52.0)^2 + 6.447415275002614E-4 (x-52.0)^3 || "
5505.0,0.7587618728835215,-21.08500218650379,0.0,-23.0,97.37500000000014,0.97," || -23 - 0.4114203115792408 (x-0.0) + 3.94908660684935E-4 (x-0.0)^3 || -27 - 0.26806846775060933 (x-11.0) + 0.013031985802602855 (x-11.0)^2 - 1.5790859865279553E-4 (x-11.0)^3 || -27 + 0.027889489199707324 (x-50.0) - 0.005443320239774223 (x-50.0)^2 - 0.00425071218003972 (x-50.0)^3 || -27 - 0.04489233791986619 (x-52.0) - 0.030947593320012543 (x-52.0)^2 + 6.447415275002614E-4 (x-52.0)^3 || "
5579.0,1.6117725723645684,-21.483141011875766,0.0,-23.0,104.43750000000013,8.41," || -23 - 0.4114203115792408 (x-0.0) + 3.94908660684935E-4 (x-0.0)^3 || -27 - 0.26806846775060933 (x-11.0) + 0.013031985802602855 (x-11.0)^2 - 1.5790859865279553E-4 (x-11.0)^3 || -27 + 0.027889489199707324 (x-50.0) - 0.005443320239774223 (x-50.0)^2 - 0.00425071218003972 (x-50.0)^3 || -27 - 0.04489233791986619 (x-52.0) - 0.030947593320012543 (x-52.0)^2 + 6.447415275002614E-4 (x-52.0)^3 || "
5637.0,2.1657679468224313,-21.983642341636546,0.8435307005401397,-23.346808635813865,110.68750000000013,10.34," || -23 - 0.4114203115792408 (x-0.0) + 3.94908660684935E-4 (x-0.0)^3 || -27 - 0.26806846775060933 (x-11.0) + 0.013031985802602855 (x-11.0)^2 - 1.5790859865279553E-4 (x-11.0)^3 || -27 + 0.027889489199707324 (x-50.0) - 0.005443320239774223 (x-50.0)^2 - 0.00425071218003972 (x-50.0)^3 || -27 - 0.04489233791986619 (x-52.0) - 0.030947593320012543 (x-52.0)^2 + 6.447415275002614E-4 (x-52.0)^3 || "
5705.0,2.9588402304309156,-22.734963707406088,1.5011711898403142,-23.616276377527,118.00000000000014,12.65," || -23 - 0.4114203115792408 (x-0.0) + 3.94908660684935E-4 (x-0.0)^3 || -27 - 0.26806846775060933 (x-11.0) + 0.013031985802602855 (x-11.0)^2 - 1.5790859865279553E-4 (x-11.0)^3 || -27 + 0.027889489199707324 (x-50.0) - 0.005443320239774223 (x-50.0)^2 - 0.00425071218003972 (x-50.0)^3 || -27 - 0.04489233791986619 (x-52.0) - 0.030947593320012543 (x-52.0)^2 + 6.447415275002614E-4 (x-52.0)^3 || "
5784.0,4.259613284975855,-23.438135295008763,2.4462367797926805,-24.000650642381018,127.00000000000014,16.81," || -23 - 0.4114203115792408 (x-0.0) + 3.94908660684935E-4 (x-0.0)^3 || -27 - 0.26806846775060933 (x-11.0) + 0.013031985802602855 (x-11.0)^2 - 1.5790859865279553E-4 (x-11.0)^3 || -27 + 0.027889489199707324 (x-50.0) - 0.005443320239774223 (x-50.0)^2 - 0.00425071218003972 (x-50.0)^3 || -27 - 0.04489233791986619 (x-52.0) - 0.030947593320012543 (x-52.0)^2 + 6.447415275002614E-4 (x-52.0)^3 || "
5878.0,6.221069742363644,-24.18353034614499,3.822327786037265,-24.550529640571973,137.62500000000014,18.48," || -23 - 0.4114203115792408 (x-0.0) + 3.94908660684935E-4 (x-0.0)^3 || -27 - 0.26806846775060933 (x-11.0) + 0.013031985802602855 (x-11.0)^2 - 1.5790859865279553E-4 (x-11.0)^3 || -27 + 0.027889489199707324 (x-50.0) - 0.005443320239774223 (x-50.0)^2 - 0.00425071218003972 (x-50.0)^3 || -27 - 0.04489233791986619 (x-52.0) - 0.030947593320012543 (x-52.0)^2 + 6.447415275002614E-4 (x-52.0)^3 || "
5947.0,6.977644558614999,-24.857860682299766,5.800385361930729,-25.30932957497666,145.00000000000014,21.2," || -23 - 0.4114203115792408 (x-0.0) + 3.94908660684935E-4 (x-0.0)^3 || -27 - 0.26806846775060933 (x-11.0) + 0.013031985802602855 (x-11.0)^2 - 1.5790859865279553E-4 (x-11.0)^3 || -27 + 0.027889489199707324 (x-50.0) - 0.005443320239774223 (x-50.0)^2 - 0.00425071218003972 (x-50.0)^3 || -27 - 0.04489233791986619 (x-52.0) - 0.030947593320012543 (x-52.0)^2 + 6.447415275002614E-4 (x-52.0)^3 || "
6016.0,8.012288508598537,-25.027839735317123,6.701239478848167,-25.638186190248696,151.00000000000017,14.69," || -23 - 0.4114203115792408 (x-0.0) + 3.94908660684935E-4 (x-0.0)^3 || -27 - 0.26806846775060933 (x-11.0) + 0.013031985802602855 (x-11.0)^2 - 1.5790859865279553E-4 (x-11.0)^3 || -27 + 0.027889489199707324 (x-50.0) - 0.005443320239774223 (x-50.0)^2 - 0.00425071218003972 (x-50.0)^3 || -27 - 0.04489233791986619 (x-52.0) - 0.030947593320012543 (x-52.0)^2 + 6.447415275002614E-4 (x-52.0)^3 || "
6075.0,9.173992878715286,-25.505936467604215,7.6847799554989935,-25.982452708820507,156.8125000000002,19.06," || -23 - 0.4114203115792408 (x-0.0) + 3.94908660684935E-4 (x-0.0)^3 || -27 - 0.26806846775060933 (x-11.0) + 0.013031985802602855 (x-11.0)^2 - 1.5790859865279553E-4 (x-11.0)^3 || -27 + 0.027889489199707324 (x-50.0) - 0.005443320239774223 (x-50.0)^2 - 0.00425071218003972 (x-50.0)^3 || -27 - 0.04489233791986619 (x-52.0) - 0.030947593320012543 (x-52.0)^2 + 6.447415275002614E-4 (x-52.0)^3 || "
6123.0,9.861356808450001,-25.582520260591274,8.893235458170272,-26.381093656285337,159.6250000000002,16.75," || -23 - 0.4114203115792408 (x-0.0) + 3.94908660684935E-4 (x-0.0)^3 || -27 - 0.26806846775060933 (x-11.0) + 0.013031985802602855 (x-11.0)^2 - 1.5790859865279553E-4 (x-11.0)^3 || -27 + 0.027889489199707324 (x-50.0) - 0.005443320239774223 (x-50.0)^2 - 0.00425071218003972 (x-50.0)^3 || -27 - 0.04489233791986619 (x-52.0) - 0.030947593320012543 (x-52.0)^2 + 6.447415275002614E-4 (x-52.0)^3 || "
6169.0,10.45337960193813,-25.8702913596964,9.554751980297782,-26.58654625437649,161.5625000000002,14.72," || -23 - 0.4114203115792408 (x-0.0) + 3.94908660684935E-4 (x-0.0)^3 || -27 - 0.26806846775060933 (x-11.0) + 0.013031985802602855 (x-11.0)^2 - 1.5790859865279553E-4 (x-11.0)^3 || -27 + 0.027889489199707324 (x-50.0) - 0.005443320239774223 (x-50.0)^2 - 0.00425071218003972 (x-50.0)^3 || -27 - 0.04489233791986619 (x-52.0) - 0.030947593320012543 (x-52.0)^2 + 6.447415275002614E-4 (x-52.0)^3 || "
6228.0,11.175666462973112,-25.9129179606535,10.189182680606583,-26.774288400472606,163.8750000000002,14.63," || -23 - 0.4114203115792408 (x-0.0) + 3.94908660684935E-4 (x-0.0)^3 || -27 - 0.26806846775060933 (x-11.0) + 0.013031985802602855 (x-11.0)^2 - 1.5790859865279553E-4 (x-11.0)^3 || -27 + 0.027889489199707324 (x-50.0) - 0.005443320239774223 (x-50.0)^2 - 0.00425071218003972 (x-50.0)^3 || -27 - 0.04489233791986619 (x-52.0) - 0.030947593320012543 (x-52.0)^2 + 6.447415275002614E-4 (x-52.0)^3 || "
6314.0,12.453152591798503,-26.549062565842483,10.892607344175833,-26.971061604160237,166.1250000000002,13.4," || -23 - 0.4114203115792408 (x-0.0) + 3.94908660684935E-4 (x-0.0)^3 || -27 - 0.26806846775060933 (x-11.0) + 0.013031985802602855 (x-11.0)^2 - 1.5790859865279553E-4 (x-11.0)^3 || -27 + 0.027889489199707324 (x-50.0) - 0.005443320239774223 (x-50.0)^2 - 0.00425071218003972 (x-50.0)^3 || -27 - 0.04489233791986619 (x-52.0) - 0.030947593320012543 (x-52.0)^2 + 6.447415275002614E-4 (x-52.0)^3 || "
6366.0,13.200026211063996,-26.989003813619625,11.0,-27.0,166.6250000000002,15.68," || -23 - 0.4114203115792408 (x-0.0) + 3.94908660684935E-4 (x-0.0)^3 || -27 - 0.26806846775060933 (x-11.0) + 0.013031985802602855 (x-11.0)^2 - 1.5790859865279553E-4 (x-11.0)^3 || -27 + 0.027889489199707324 (x-50.0) - 0.005443320239774223 (x-50.0)^2 - 0.00425071218003972 (x-50.0)^3 || -27 - 0.04489233791986619 (x-52.0) - 0.030947593320012543 (x-52.0)^2 + 6.447415275002614E-4 (x-52.0)^3 || "
6426.0,14.341302214913904,-26.995893109668764,13.089014167187688,-27.504567059564497,167.25000000000023,16.67," || -23 - 0.4114203115792408 (x-0.0) + 3.94908660684935E-4 (x-0.0)^3 || -27 - 0.26806846775060933 (x-11.0) + 0.013031985802602855 (x-11.0)^2 - 1.5790859865279553E-4 (x-11.0)^3 || -27 + 0.027889489199707324 (x-50.0) - 0.005443320239774223 (x-50.0)^2 - 0.00425071218003972 (x-50.0)^3 || -27 - 0.04489233791986619 (x-52.0) - 0.030947593320012543 (x-52.0)^2 + 6.447415275002614E-4 (x-52.0)^3 || "
6495.0,15.53228392176026,-27.003376414968383,14.201707696821742,-27.72986951123051,168.18750000000026,18.71," || -23 - 0.4114203115792408 (x-0.0) + 3.94908660684935E-4 (x-0.0)^3 || -27 - 0.26806846775060933 (x-11.0) + 0.013031985802602855 (x-11.0)^2 - 1.5790859865279553E-4 (x-11.0)^3 || -27 + 0.027889489199707324 (x-50.0) - 0.005443320239774223 (x-50.0)^2 - 0.00425071218003972 (x-50.0)^3 || -27 - 0.04489233791986619 (x-52.0) - 0.030947593320012543 (x-52.0)^2 + 6.447415275002614E-4 (x-52.0)^3 || "
6557.0,16.616944955884332,-27.015941792685734,15.37722428793748,-27.936945236705252,169.50000000000023,19.21," || -23 - 0.4114203115792408 (x-0.0) + 3.94908660684935E-4 (x-0.0)^3 || -27 - 0.26806846775060933 (x-11.0) + 0.013031985802602855 (x-11.0)^2 - 1.5790859865279553E-4 (x-11.0)^3 || -27 + 0.027889489199707324 (x-50.0) - 0.005443320239774223 (x-50.0)^2 - 0.00425071218003972 (x-50.0)^3 || -27 - 0.04489233791986619 (x-52.0) - 0.030947593320012543 (x-52.0)^2 + 6.447415275002614E-4 (x-52.0)^3 || "
6624.0,18.2093005543174,-27.540870620707786,16.46883543426705,-28.102087579845456,171.62500000000026,20.09," || -23 - 0.4114203115792408 (x-0.0) + 3.94908660684935E-4 (x-0.0)^3 || -27 - 0.26806846775060933 (x-11.0) + 0.013031985802602855 (x-11.0)^2 - 1.5790859865279553E-4 (x-11.0)^3 || -27 + 0.027889489199707324 (x-50.0) - 0.005443320239774223 (x-50.0)^2 - 0.00425071218003972 (x-50.0)^3 || -27 - 0.04489233791986619 (x-52.0) - 0.030947593320012543 (x-52.0)^2 + 6.447415275002614E-4 (x-52.0)^3 || "
6687.0,19.54901700592005,-27.54991569860658,18.12855130235036,-28.30590504865916,173.06250000000026,21.22," || -23 - 0.4114203115792408 (x-0.0) + 3.94908660684935E-4 (x-0.0)^3 || -27 - 0.26806846775060933 (x-11.0) + 0.013031985802602855 (x-11.0)^2 - 1.5790859865279553E-4 (x-11.0)^3 || -27 + 0.027889489199707324 (x-50.0) - 0.005443320239774223 (x-50.0)^2 - 0.00425071218003972 (x-50.0)^3 || -27 - 0.04489233791986619 (x-52.0) - 0.030947593320012543 (x-52.0)^2 + 6.447415275002614E-4 (x-52.0)^3 || "
6747.0,20.867368003265977,-27.560464882853054,19.47841393993525,-28.4322493175777,174.75000000000026,21.96," || -23 - 0.4114203115792408 (x-0.0) + 3.94908660684935E-4 (x-0.0)^3 || -27 - 0.26806846775060933 (x-11.0) + 0.013031985802602855 (x-11.0)^2 - 1.5790859865279553E-4 (x-11.0)^3 || -27 + 0.027889489199707324 (x-50.0) - 0.005443320239774223 (x-50.0)^2 - 0.00425071218003972 (x-50.0)^3 || -27 - 0.04489233791986619 (x-52.0) - 0.030947593320012543 (x-52.0)^2 + 6.447415275002614E-4 (x-52.0)^3 || "
6825.0,22.724634272881353,-27.56480165757017,20.81412992366546,-28.524921190629446,176.93750000000026,21.97," || -23 - 0.4114203115792408 (x-0.0) + 3.94908660684935E-4 (x-0.0)^3 || -27 - 0.26806846775060933 (x-11.0) + 0.013031985802602855 (x-11.0)^2 - 1.5790859865279553E-4 (x-11.0)^3 || -27 + 0.027889489199707324 (x-50.0) - 0.005443320239774223 (x-50.0)^2 - 0.00425071218003972 (x-50.0)^3 || -27 - 0.04489233791986619 (x-52.0) - 0.030947593320012543 (x-52.0)^2 + 6.447415275002614E-4 (x-52.0)^3 || "
6899.0,24.320631371435248,-27.99833666953004,22.690623532002864,-28.60509809789748,178.37500000000026,23.22," || -23 - 0.4114203115792408 (x-0.0) + 3.94908660684935E-4 (x-0.0)^3 || -27 - 0.26806846775060933 (x-11.0) + 0.013031985802602855 (x-11.0)^2 - 1.5790859865279553E-4 (x-11.0)^3 || -27 + 0.027889489199707324 (x-50.0) - 0.005443320239774223 (x-50.0)^2 - 0.00425071218003972 (x-50.0)^3 || -27 - 0.04489233791986619 (x-52.0) - 0.030947593320012543 (x-52.0)^2 + 6.447415275002614E-4 (x-52.0)^3 || "
6955.0,25.739263781507166,-28.002519930014728,24.316849039697615,-28.631670221803784,179.18750000000026,22.97," || -23 - 0.4114203115792408 (x-0.0) + 3.94908660684935E-4 (x-0.0)^3 || -27 - 0.26806846775060933 (x-11.0) + 0.013031985802602855 (x-11.0)^2 - 1.5790859865279553E-4 (x-11.0)^3 || -27 + 0.027889489199707324 (x-50.0) - 0.005443320239774223 (x-50.0)^2 - 0.00425071218003972 (x-50.0)^3 || -27 - 0.04489233791986619 (x-52.0) - 0.030947593320012543 (x-52.0)^2 + 6.447415275002614E-4 (x-52.0)^3 || "
7037.0,27.652040489092045,-28.003600176066477,25.74831269637467,-28.625497024231407,-179.49999999999977,24.46," || -23 - 0.4114203115792408 (x-0.0) + 3.94908660684935E-4 (x-0.0)^3 || -27 - 0.26806846775060933 (x-11.0) + 0.013031985802602855 (x-11.0)^2 - 1.5790859865279553E-4 (x-11.0)^3 || -27 + 0.027889489199707324 (x-50.0) - 0.005443320239774223 (x-50.0)^2 - 0.00425071218003972 (x-50.0)^3 || -27 - 0.04489233791986619 (x-52.0) - 0.030947593320012543 (x-52.0)^2 + 6.447415275002614E-4 (x-52.0)^3 || "
7094.0,28.66758265990404,-28.00896919847124,27.67012666065479,-28.578749803045977,-178.87499999999977,23.61," || -23 - 0.4114203115792408 (x-0.0) + 3.94908660684935E-4 (x-0.0)^3 || -27 - 0.26806846775060933 (x-11.0) + 0.013031985802602855 (x-11.0)^2 - 1.5790859865279553E-4 (x-11.0)^3 || -27 + 0.027889489199707324 (x-50.0) - 0.005443320239774223 (x-50.0)^2 - 0.00425071218003972 (x-50.0)^3 || -27 - 0.04489233791986619 (x-52.0) - 0.030947593320012543 (x-52.0)^2 + 6.447415275002614E-4 (x-52.0)^3 || "
7176.0,31.06323976700021,-28.007212239420276,28.693647330953905,-28.53794575069729,-178.3124999999998,24.18," || -23 - 0.4114203115792408 (x-0.0) + 3.94908660684935E-4 (x-0.0)^3 || -27 - 0.26806846775060933 (x-11.0) + 0.013031985802602855 (x-11.0)^2 - 1.5790859865279553E-4 (x-11.0)^3 || -27 + 0.027889489199707324 (x-50.0) - 0.005443320239774223 (x-50.0)^2 - 0.00425071218003972 (x-50.0)^3 || -27 - 0.04489233791986619 (x-52.0) - 0.030947593320012543 (x-52.0)^2 + 6.447415275002614E-4 (x-52.0)^3 || "
7237.0,32.52180388412701,-28.006970678432463,31.085496694143956,-28.40637001331662,-178.3749999999998,24.7," || -23 - 0.4114203115792408 (x-0.0) + 3.94908660684935E-4 (x-0.0)^3 || -27 - 0.26806846775060933 (x-11.0) + 0.013031985802602855 (x-11.0)^2 - 1.5790859865279553E-4 (x-11.0)^3 || -27 + 0.027889489199707324 (x-50.0) - 0.005443320239774223 (x-50.0)^2 - 0.00425071218003972 (x-50.0)^3 || -27 - 0.04489233791986619 (x-52.0) - 0.030947593320012543 (x-52.0)^2 + 6.447415275002614E-4 (x-52.0)^3 || "
7316.0,34.025408917666276,-28.008183523527954,32.54175472383551,-28.30572478076074,-178.1249999999998,23.91," || -23 - 0.4114203115792408 (x-0.0) + 3.94908660684935E-4 (x-0.0)^3 || -27 - 0.26806846775060933 (x-11.0) + 0.013031985802602855 (x-11.0)^2 - 1.5790859865279553E-4 (x-11.0)^3 || -27 + 0.027889489199707324 (x-50.0) - 0.005443320239774223 (x-50.0)^2 - 0.00425071218003972 (x-50.0)^3 || -27 - 0.04489233791986619 (x-52.0) - 0.030947593320012543 (x-52.0)^2 + 6.447415275002614E-4 (x-52.0)^3 || "
7370.0,35.86570274105651,-28.008867624055398,34.0445238612173,-28.18932635344623,-177.7499999999998,25.48," || -23 - 0.4114203115792408 (x-0.0) + 3.94908660684935E-4 (x-0.0)^3 || -27 - 0.26806846775060933 (x-11.0) + 0.013031985802602855 (x-11.0)^2 - 1.5790859865279553E-4 (x-11.0)^3 || -27 + 0.027889489199707324 (x-50.0) - 0.005443320239774223 (x-50.0)^2 - 0.00425071218003972 (x-50.0)^3 || -27 - 0.04489233791986619 (x-52.0) - 0.030947593320012543 (x-52.0)^2 + 6.447415275002614E-4 (x-52.0)^3 || "
7442.0,37.677793439924436,-28.00904835938018,35.872195892488065,-28.035199423410603,-177.62499999999983,24.54," || -23 - 0.4114203115792408 (x-0.0) + 3.94908660684935E-4 (x-0.0)^3 || -27 - 0.26806846775060933 (x-11.0) + 0.013031985802602855 (x-11.0)^2 - 1.5790859865279553E-4 (x-11.0)^3 || -27 + 0.027889489199707324 (x-50.0) - 0.005443320239774223 (x-50.0)^2 - 0.00425071218003972 (x-50.0)^3 || -27 - 0.04489233791986619 (x-52.0) - 0.030947593320012543 (x-52.0)^2 + 6.447415275002614E-4 (x-52.0)^3 || "
7550.0,40.35380281950563,-28.00858215089695,37.667891193908844,-27.875607147664432,-177.4999999999998,25.17," || -23 - 0.4114203115792408 (x-0.0) + 3.94908660684935E-4 (x-0.0)^3 || -27 - 0.26806846775060933 (x-11.0) + 0.013031985802602855 (x-11.0)^2 - 1.5790859865279553E-4 (x-11.0)^3 || -27 + 0.027889489199707324 (x-50.0) - 0.005443320239774223 (x-50.0)^2 - 0.00425071218003972 (x-50.0)^3 || -27 - 0.04489233791986619 (x-52.0) - 0.030947593320012543 (x-52.0)^2 + 6.447415275002614E-4 (x-52.0)^3 || "
7616.0,41.8460738150916,-28.008709267208086,40.316851146644254,-27.637073019636023,-177.4374999999998,25.73," || -23 - 0.4114203115792408 (x-0.0) + 3.94908660684935E-4 (x-0.0)^3 || -27 - 0.26806846775060933 (x-11.0) + 0.013031985802602855 (x-11.0)^2 - 1.5790859865279553E-4 (x-11.0)^3 || -27 + 0.027889489199707324 (x-50.0) - 0.005443320239774223 (x-50.0)^2 - 0.00425071218003972 (x-50.0)^3 || -27 - 0.04489233791986619 (x-52.0) - 0.030947593320012543 (x-52.0)^2 + 6.447415275002614E-4 (x-52.0)^3 || "
7696.0,44.08449965982824,-28.008395444881057,41.80710456142218,-27.507030928761534,-177.3124999999998,25.73," || -23 - 0.4114203115792408 (x-0.0) + 3.94908660684935E-4 (x-0.0)^3 || -27 - 0.26806846775060933 (x-11.0) + 0.013031985802602855 (x-11.0)^2 - 1.5790859865279553E-4 (x-11.0)^3 || -27 + 0.027889489199707324 (x-50.0) - 0.005443320239774223 (x-50.0)^2 - 0.00425071218003972 (x-50.0)^3 || -27 - 0.04489233791986619 (x-52.0) - 0.030947593320012543 (x-52.0)^2 + 6.447415275002614E-4 (x-52.0)^3 || "
7761.0,45.77886941657018,-28.009150177462082,44.02808993420315,-27.32705106764491,-177.0624999999998,24.87," || -23 - 0.4114203115792408 (x-0.0) + 3.94908660684935E-4 (x-0.0)^3 || -27 - 0.26806846775060933 (x-11.0) + 0.013031985802602855 (x-11.0)^2 - 1.5790859865279553E-4 (x-11.0)^3 || -27 + 0.027889489199707324 (x-50.0) - 0.005443320239774223 (x-50.0)^2 - 0.00425071218003972 (x-50.0)^3 || -27 - 0.04489233791986619 (x-52.0) - 0.030947593320012543 (x-52.0)^2 + 6.447415275002614E-4 (x-52.0)^3 || "
7842.0,47.84341403501814,-28.009150239975796,45.72714599796135,-27.206229384556487,-176.87499999999977,25.67," || -23 - 0.4114203115792408 (x-0.0) + 3.94908660684935E-4 (x-0.0)^3 || -27 - 0.26806846775060933 (x-11.0) + 0.013031985802602855 (x-11.0)^2 - 1.5790859865279553E-4 (x-11.0)^3 || -27 + 0.027889489199707324 (x-50.0) - 0.005443320239774223 (x-50.0)^2 - 0.00425071218003972 (x-50.0)^3 || -27 - 0.04489233791986619 (x-52.0) - 0.030947593320012543 (x-52.0)^2 + 6.447415275002614E-4 (x-52.0)^3 || "
7899.0,49.257101794301,-28.009597188130144,47.794186400335896,-27.08630933212479,-176.81249999999977,25.49," || -23 - 0.4114203115792408 (x-0.0) + 3.94908660684935E-4 (x-0.0)^3 || -27 - 0.26806846775060933 (x-11.0) + 0.013031985802602855 (x-11.0)^2 - 1.5790859865279553E-4 (x-11.0)^3 || -27 + 0.027889489199707324 (x-50.0) - 0.005443320239774223 (x-50.0)^2 - 0.00425071218003972 (x-50.0)^3 || -27 - 0.04489233791986619 (x-52.0) - 0.030947593320012543 (x-52.0)^2 + 6.447415275002614E-4 (x-52.0)^3 || "
7959.0,50.867119542187254,-28.009954139155653,49.22448722596097,-27.024828727153384,-176.74999999999977,25.7," || -23 - 0.4114203115792408 (x-0.0) + 3.94908660684935E-4 (x-0.0)^3 || -27 - 0.26806846775060933 (x-11.0) + 0.013031985802602855 (x-11.0)^2 - 1.5790859865279553E-4 (x-11.0)^3 || -27 + 0.027889489199707324 (x-50.0) - 0.005443320239774223 (x-50.0)^2 - 0.00425071218003972 (x-50.0)^3 || -27 - 0.04489233791986619 (x-52.0) - 0.030947593320012543 (x-52.0)^2 + 6.447415275002614E-4 (x-52.0)^3 || "
8045.0,52.62482781646089,-27.468708731936037,50.0,-27.0,-176.5624999999998,25.97," || -23 - 0.4114203115792408 (x-0.0) + 3.94908660684935E-4 (x-0.0)^3 || -27 - 0.26806846775060933 (x-11.0) + 0.013031985802602855 (x-11.0)^2 - 1.5790859865279553E-4 (x-11.0)^3 || -27 + 0.027889489199707324 (x-50.0) - 0.005443320239774223 (x-50.0)^2 - 0.00425071218003972 (x-50.0)^3 || -27 - 0.04489233791986619 (x-52.0) - 0.030947593320012543 (x-52.0)^2 + 6.447415275002614E-4 (x-52.0)^3 || "
8094.0,54.38065969877232,-27.468856216971968,52.0,-27.0,-176.49999999999977,25.9," || -23 - 0.4114203115792408 (x-0.0) + 3.94908660684935E-4 (x-0.0)^3 || -27 - 0.26806846775060933 (x-11.0) + 0.013031985802602855 (x-11.0)^2 - 1.5790859865279553E-4 (x-11.0)^3 || -27 + 0.027889489199707324 (x-50.0) - 0.005443320239774223 (x-50.0)^2 - 0.00425071218003972 (x-50.0)^3 || -27 - 0.04489233791986619 (x-52.0) - 0.030947593320012543 (x-52.0)^2 + 6.447415275002614E-4 (x-52.0)^3 || "
8151.0,55.07351877693763,-27.450639776879882,54.414822593713964,-27.279794772787284,-176.43749999999974,25.82," || -23 - 0.4114203115792408 (x-0.0) + 3.94908660684935E-4 (x-0.0)^3 || -27 - 0.26806846775060933 (x-11.0) + 0.013031985802602855 (x-11.0)^2 - 1.5790859865279553E-4 (x-11.0)^3 || -27 + 0.027889489199707324 (x-50.0) - 0.005443320239774223 (x-50.0)^2 - 0.00425071218003972 (x-50.0)^3 || -27 - 0.04489233791986619 (x-52.0) - 0.030947593320012543 (x-52.0)^2 + 6.447415275002614E-4 (x-52.0)^3 || "
8205.0,56.262693266993,-27.43677004884148,55.0781183974197,-27.412602960646133,-176.24999999999974,15.4," || -23 - 0.4114203115792408 (x-0.0) + 3.94908660684935E-4 (x-0.0)^3 || -27 - 0.26806846775060933 (x-11.0) + 0.013031985802602855 (x-11.0)^2 - 1.5790859865279553E-4 (x-11.0)^3 || -27 + 0.027889489199707324 (x-50.0) - 0.005443320239774223 (x-50.0)^2 - 0.00425071218003972 (x-50.0)^3 || -27 - 0.04489233791986619 (x-52.0) - 0.030947593320012543 (x-52.0)^2 + 6.447415275002614E-4 (x-52.0)^3 || "
8244.0,56.98976054526683,-27.41383840680475,56.19374007936169,-27.685001886347106,-177.37499999999977,18.02," || -23 - 0.4114203115792408 (x-0.0) + 3.94908660684935E-4 (x-0.0)^3 || -27 - 0.26806846775060933 (x-11.0) + 0.013031985802602855 (x-11.0)^2 - 1.5790859865279553E-4 (x-11.0)^3 || -27 + 0.027889489199707324 (x-50.0) - 0.005443320239774223 (x-50.0)^2 - 0.00425071218003972 (x-50.0)^3 || -27 - 0.04489233791986619 (x-52.0) - 0.030947593320012543 (x-52.0)^2 + 6.447415275002614E-4 (x-52.0)^3 || "
8285.0,57.80719033842789,-27.370636056583045,56.851396656931634,-27.87255629096887,-179.3124999999998,18.19," || -23 - 0.4114203115792408 (x-0.0) + 3.94908660684935E-4 (x-0.0)^3 || -27 - 0.26806846775060933 (x-11.0) + 0.013031985802602855 (x-11.0)^2 - 1.5790859865279553E-4 (x-11.0)^3 || -27 + 0.027889489199707324 (x-50.0) - 0.005443320239774223 (x-50.0)^2 - 0.00425071218003972 (x-50.0)^3 || -27 - 0.04489233791986619 (x-52.0) - 0.030947593320012543 (x-52.0)^2 + 6.447415275002614E-4 (x-52.0)^3 || "
8334.0,58.77851572221766,-27.32112294424752,57.56979403911593,-28.098711477550435,177.4375000000002,20.46," || -23 - 0.4114203115792408 (x-0.0) + 3.94908660684935E-4 (x-0.0)^3 || -27 - 0.26806846775060933 (x-11.0) + 0.013031985802602855 (x-11.0)^2 - 1.5790859865279553E-4 (x-11.0)^3 || -27 + 0.027889489199707324 (x-50.0) - 0.005443320239774223 (x-50.0)^2 - 0.00425071218003972 (x-50.0)^3 || -27 - 0.04489233791986619 (x-52.0) - 0.030947593320012543 (x-52.0)^2 + 6.447415275002614E-4 (x-52.0)^3 || "
8381.0,59.96953402687224,-27.456907570121786,58.3951799290379,-28.38416581265032,172.06250000000017,22.62," || -23 - 0.4114203115792408 (x-0.0) + 3.94908660684935E-4 (x-0.0)^3 || -27 - 0.26806846775060933 (x-11.0) + 0.013031985802602855 (x-11.0)^2 - 1.5790859865279553E-4 (x-11.0)^3 || -27 + 0.027889489199707324 (x-50.0) - 0.005443320239774223 (x-50.0)^2 - 0.00425071218003972 (x-50.0)^3 || -27 - 0.04489233791986619 (x-52.0) - 0.030947593320012543 (x-52.0)^2 + 6.447415275002614E-4 (x-52.0)^3 || "
8438.0,61.380081361966404,-27.737347773238277,59.44299201492715,-28.782727233211887,164.31250000000017,23.97," || -23 - 0.4114203115792408 (x-0.0) + 3.94908660684935E-4 (x-0.0)^3 || -27 - 0.26806846775060933 (x-11.0) + 0.013031985802602855 (x-11.0)^2 - 1.5790859865279553E-4 (x-11.0)^3 || -27 + 0.027889489199707324 (x-50.0) - 0.005443320239774223 (x-50.0)^2 - 0.00425071218003972 (x-50.0)^3 || -27 - 0.04489233791986619 (x-52.0) - 0.030947593320012543 (x-52.0)^2 + 6.447415275002614E-4 (x-52.0)^3 || "
8505.0,62.9605718071479,-28.25492806805764,60.695654318443154,-29.306523743322195,154.25000000000017,25.23," || -23 - 0.4114203115792408 (x-0.0) + 3.94908660684935E-4 (x-0.0)^3 || -27 - 0.26806846775060933 (x-11.0) + 0.013031985802602855 (x-11.0)^2 - 1.5790859865279553E-4 (x-11.0)^3 || -27 + 0.027889489199707324 (x-50.0) - 0.005443320239774223 (x-50.0)^2 - 0.00425071218003972 (x-50.0)^3 || -27 - 0.04489233791986619 (x-52.0) - 0.030947593320012543 (x-52.0)^2 + 6.447415275002614E-4 (x-52.0)^3 || "
8591.0,65.17114733311938,-29.27062462396416,62.14610041167661,-29.96791570377142,142.37500000000017,25.99," || -23 - 0.4114203115792408 (x-0.0) + 3.94908660684935E-4 (x-0.0)^3 || -27 - 0.26806846775060933 (x-11.0) + 0.013031985802602855 (x-11.0)^2 - 1.5790859865279553E-4 (x-11.0)^3 || -27 + 0.027889489199707324 (x-50.0) - 0.005443320239774223 (x-50.0)^2 - 0.00425071218003972 (x-50.0)^3 || -27 - 0.04489233791986619 (x-52.0) - 0.030947593320012543 (x-52.0)^2 + 6.447415275002614E-4 (x-52.0)^3 || "
8676.0,66.92920922204414,-30.106155001791056,64.2719267730804,-31.020046884427337,132.62500000000017,27.64," || -23 - 0.4114203115792408 (x-0.0) + 3.94908660684935E-4 (x-0.0)^3 || -27 - 0.26806846775060933 (x-11.0) + 0.013031985802602855 (x-11.0)^2 - 1.5790859865279553E-4 (x-11.0)^3 || -27 + 0.027889489199707324 (x-50.0) - 0.005443320239774223 (x-50.0)^2 - 0.00425071218003972 (x-50.0)^3 || -27 - 0.04489233791986619 (x-52.0) - 0.030947593320012543 (x-52.0)^2 + 6.447415275002614E-4 (x-52.0)^3 || "
8760.0,69.50070078630222,-31.436069932578434,65.97211039028397,-31.91020718162507,120.31250000000017,28.63," || -23 - 0.4114203115792408 (x-0.0) + 3.94908660684935E-4 (x-0.0)^3 || -27 - 0.26806846775060933 (x-11.0) + 0.013031985802602855 (x-11.0)^2 - 1.5790859865279553E-4 (x-11.0)^3 || -27 + 0.027889489199707324 (x-50.0) - 0.005443320239774223 (x-50.0)^2 - 0.00425071218003972 (x-50.0)^3 || -27 - 0.04489233791986619 (x-52.0) - 0.030947593320012543 (x-52.0)^2 + 6.447415275002614E-4 (x-52.0)^3 || "
8824.0,70.92058005864622,-32.11736224927702,68.0,-33.0,114.0000000000002,28.95," || -23 - 0.4114203115792408 (x-0.0) + 3.94908660684935E-4 (x-0.0)^3 || -27 - 0.26806846775060933 (x-11.0) + 0.013031985802602855 (x-11.0)^2 - 1.5790859865279553E-4 (x-11.0)^3 || -27 + 0.027889489199707324 (x-50.0) - 0.005443320239774223 (x-50.0)^2 - 0.00425071218003972 (x-50.0)^3 || -27 - 0.04489233791986619 (x-52.0) - 0.030947593320012543 (x-52.0)^2 + 6.447415275002614E-4 (x-52.0)^3 || "
8885.0,71.73405059633976,-32.712171762979644,68.0,-33.0,107.62500000000021,28.95," || -23 - 0.4114203115792408 (x-0.0) + 3.94908660684935E-4 (x-0.0)^3 || -27 - 0.26806846775060933 (x-11.0) + 0.013031985802602855 (x-11.0)^2 - 1.5790859865279553E-4 (x-11.0)^3 || -27 + 0.027889489199707324 (x-50.0) - 0.005443320239774223 (x-50.0)^2 - 0.00425071218003972 (x-50.0)^3 || -27 - 0.04489233791986619 (x-52.0) - 0.030947593320012543 (x-52.0)^2 + 6.447415275002614E-4 (x-52.0)^3 || "
8914.0,71.94165046962495,-32.87375999736784,68.0,-33.0,105.93750000000021,28.95," || -23 - 0.4114203115792408 (x-0.0) + 3.94908660684935E-4 (x-0.0)^3 || -27 - 0.26806846775060933 (x-11.0) + 0.013031985802602855 (x-11.0)^2 - 1.5790859865279553E-4 (x-11.0)^3 || -27 + 0.027889489199707324 (x-50.0) - 0.005443320239774223 (x-50.0)^2 - 0.00425071218003972 (x-50.0)^3 || -27 - 0.04489233791986619 (x-52.0) - 0.030947593320012543 (x-52.0)^2 + 6.447415275002614E-4 (x-52.0)^3 || "
8983.0,71.64770917359813,-32.95237854569292,68.0,-32.87,99.5000000000002,13.85," || -23 - 0.4114203115792408 (x-0.0) + 3.94908660684935E-4 (x-0.0)^3 || -27 - 0.26806846775060933 (x-11.0) + 0.013031985802602855 (x-11.0)^2 - 1.5790859865279553E-4 (x-11.0)^3 || -27 + 0.027889489199707324 (x-50.0) - 0.005443320239774223 (x-50.0)^2 - 0.00425071218003972 (x-50.0)^3 || -27 - 0.04489233791986619 (x-52.0) - 0.030947593320012543 (x-52.0)^2 + 6.447415275002614E-4 (x-52.0)^3 || "
9049.0,70.87403094178134,-33.03859431811762,68.0,-32.95,93.5625000000002,3.95," || -23 - 0.4114203115792408 (x-0.0) + 3.94908660684935E-4 (x-0.0)^3 || -27 - 0.26806846775060933 (x-11.0) + 0.013031985802602855 (x-11.0)^2 - 1.5790859865279553E-4 (x-11.0)^3 || -27 + 0.027889489199707324 (x-50.0) - 0.005443320239774223 (x-50.0)^2 - 0.00425071218003972 (x-50.0)^3 || -27 - 0.04489233791986619 (x-52.0) - 0.030947593320012543 (x-52.0)^2 + 6.447415275002614E-4 (x-52.0)^3 || "
9150.0,69.4868840319985,-33.96964013192445,68.0,-33.04,89.8125000000002,12.16," || -23 - 0.4114203115792408 (x-0.0) + 3.94908660684935E-4 (x-0.0)^3 || -27 - 0.26806846775060933 (x-11.0) + 0.013031985802602855 (x-11.0)^2 - 1.5790859865279553E-4 (x-11.0)^3 || -27 + 0.027889489199707324 (x-50.0) - 0.005443320239774223 (x-50.0)^2 - 0.00425071218003972 (x-50.0)^3 || -27 - 0.04489233791986619 (x-52.0) - 0.030947593320012543 (x-52.0)^2 + 6.447415275002614E-4 (x-52.0)^3 || "
9212.0,69.26799397903805,-34.33603839825115,68.0,-33.97,90.5000000000002,15.61," || -23 - 0.4114203115792408 (x-0.0) + 3.94908660684935E-4 (x-0.0)^3 || -27 - 0.26806846775060933 (x-11.0) + 0.013031985802602855 (x-11.0)^2 - 1.5790859865279553E-4 (x-11.0)^3 || -27 + 0.027889489199707324 (x-50.0) - 0.005443320239774223 (x-50.0)^2 - 0.00425071218003972 (x-50.0)^3 || -27 - 0.04489233791986619 (x-52.0) - 0.030947593320012543 (x-52.0)^2 + 6.447415275002614E-4 (x-52.0)^3 || "
9255.0,68.99192222571345,-34.595809381220114,68.0,-34.34,90.31250000000021,7.11," || -23 - 0.4114203115792408 (x-0.0) + 3.94908660684935E-4 (x-0.0)^3 || -27 - 0.26806846775060933 (x-11.0) + 0.013031985802602855 (x-11.0)^2 - 1.5790859865279553E-4 (x-11.0)^3 || -27 + 0.027889489199707324 (x-50.0) - 0.005443320239774223 (x-50.0)^2 - 0.00425071218003972 (x-50.0)^3 || -27 - 0.04489233791986619 (x-52.0) - 0.030947593320012543 (x-52.0)^2 + 6.447415275002614E-4 (x-52.0)^3 || "
9286.0,68.99286384877266,-34.893133279180475,68.0,-34.6,90.25000000000021,8.62," || -23 - 0.4114203115792408 (x-0.0) + 3.94908660684935E-4 (x-0.0)^3 || -27 - 0.26806846775060933 (x-11.0) + 0.013031985802602855 (x-11.0)^2 - 1.5790859865279553E-4 (x-11.0)^3 || -27 + 0.027889489199707324 (x-50.0) - 0.005443320239774223 (x-50.0)^2 - 0.00425071218003972 (x-50.0)^3 || -27 - 0.04489233791986619 (x-52.0) - 0.030947593320012543 (x-52.0)^2 + 6.447415275002614E-4 (x-52.0)^3 || "
9322.0,68.9954111618924,-35.336312527455235,68.0,-34.89,90.06250000000021,9.91," || -23 - 0.4114203115792408 (x-0.0) + 3.94908660684935E-4 (x-0.0)^3 || -27 - 0.26806846775060933 (x-11.0) + 0.013031985802602855 (x-11.0)^2 - 1.5790859865279553E-4 (x-11.0)^3 || -27 + 0.027889489199707324 (x-50.0) - 0.005443320239774223 (x-50.0)^2 - 0.00425071218003972 (x-50.0)^3 || -27 - 0.04489233791986619 (x-52.0) - 0.030947593320012543 (x-52.0)^2 + 6.447415275002614E-4 (x-52.0)^3 || "
9348.0,68.9920465739402,-35.78512428964139,68.0,-35.34,90.31250000000021,12.66," || -23 - 0.4114203115792408 (x-0.0) + 3.94908660684935E-4 (x-0.0)^3 || -27 - 0.26806846775060933 (x-11.0) + 0.013031985802602855 (x-11.0)^2 - 1.5790859865279553E-4 (x-11.0)^3 || -27 + 0.027889489199707324 (x-50.0) - 0.005443320239774223 (x-50.0)^2 - 0.00425071218003972 (x-50.0)^3 || -27 - 0.04489233791986619 (x-52.0) - 0.030947593320012543 (x-52.0)^2 + 6.447415275002614E-4 (x-52.0)^3 || "
9361.0,68.99009634586588,-36.0039328883495,68.0,-35.34,90.50000000000021,12.66," || -23 - 0.4114203115792408 (x-0.0) + 3.94908660684935E-4 (x-0.0)^3 || -27 - 0.26806846775060933 (x-11.0) + 0.013031985802602855 (x-11.0)^2 - 1.5790859865279553E-4 (x-11.0)^3 || -27 + 0.027889489199707324 (x-50.0) - 0.005443320239774223 (x-50.0)^2 - 0.00425071218003972 (x-50.0)^3 || -27 - 0.04489233791986619 (x-52.0) - 0.030947593320012543 (x-52.0)^2 + 6.447415275002614E-4 (x-52.0)^3 || "
9381.0,68.99052821031421,-36.18906629853928,68.0,-35.34,90.56250000000021,12.66," || -23 - 0.4114203115792408 (x-0.0) + 3.94908660684935E-4 (x-0.0)^3 || -27 - 0.26806846775060933 (x-11.0) + 0.013031985802602855 (x-11.0)^2 - 1.5790859865279553E-4 (x-11.0)^3 || -27 + 0.027889489199707324 (x-50.0) - 0.005443320239774223 (x-50.0)^2 - 0.00425071218003972 (x-50.0)^3 || -27 - 0.04489233791986619 (x-52.0) - 0.030947593320012543 (x-52.0)^2 + 6.447415275002614E-4 (x-52.0)^3 || "
9396.0,68.9934310411213,-36.52004279514215,68.0,-35.34,90.56250000000021,12.66," || -23 - 0.4114203115792408 (x-0.0) + 3.94908660684935E-4 (x-0.0)^3 || -27 - 0.26806846775060933 (x-11.0) + 0.013031985802602855 (x-11.0)^2 - 1.5790859865279553E-4 (x-11.0)^3 || -27 + 0.027889489199707324 (x-50.0) - 0.005443320239774223 (x-50.0)^2 - 0.00425071218003972 (x-50.0)^3 || -27 - 0.04489233791986619 (x-52.0) - 0.030947593320012543 (x-52.0)^2 + 6.447415275002614E-4 (x-52.0)^3 || "
9433.0,68.9954482625296,-36.7500434114255,68.0,-35.34,90.56250000000021,12.66," || -23 - 0.4114203115792408 (x-0.0) + 3.94908660684935E-4 (x-0.0)^3 || -27 - 0.26806846775060933 (x-11.0) + 0.013031985802602855 (x-11.0)^2 - 1.5790859865279553E-4 (x-11.0)^3 || -27 + 0.027889489199707324 (x-50.0) - 0.005443320239774223 (x-50.0)^2 - 0.00425071218003972 (x-50.0)^3 || -27 - 0.04489233791986619 (x-52.0) - 0.030947593320012543 (x-52.0)^2 + 6.447415275002614E-4 (x-52.0)^3 || "
9450.0,69.00015836897705,-37.37273620854454,68.0,-35.34,90.62500000000021,12.66," || -23 - 0.4114203115792408 (x-0.0) + 3.94908660684935E-4 (x-0.0)^3 || -27 - 0.26806846775060933 (x-11.0) + 0.013031985802602855 (x-11.0)^2 - 1.5790859865279553E-4 (x-11.0)^3 || -27 + 0.027889489199707324 (x-50.0) - 0.005443320239774223 (x-50.0)^2 - 0.00425071218003972 (x-50.0)^3 || -27 - 0.04489233791986619 (x-52.0) - 0.030947593320012543 (x-52.0)^2 + 6.447415275002614E-4 (x-52.0)^3 || "
9489.0,69.01423097436225,-38.09074450121414,68.0,-35.34,90.00000000000021,12.66," || -23 - 0.4114203115792408 (x-0.0) + 3.94908660684935E-4 (x-0.0)^3 || -27 - 0.26806846775060933 (x-11.0) + 0.013031985802602855 (x-11.0)^2 - 1.5790859865279553E-4 (x-11.0)^3 || -27 + 0.027889489199707324 (x-50.0) - 0.005443320239774223 (x-50.0)^2 - 0.00425071218003972 (x-50.0)^3 || -27 - 0.04489233791986619 (x-52.0) - 0.030947593320012543 (x-52.0)^2 + 6.447415275002614E-4 (x-52.0)^3 || "
9505.0,69.01954001479228,-38.37687207048372,68.0,-35.34,89.62500000000021,12.66," || -23 - 0.4114203115792408 (x-0.0) + 3.94908660684935E-4 (x-0.0)^3 || -27 - 0.26806846775060933 (x-11.0) + 0.013031985802602855 (x-11.0)^2 - 1.5790859865279553E-4 (x-11.0)^3 || -27 + 0.027889489199707324 (x-50.0) - 0.005443320239774223 (x-50.0)^2 - 0.00425071218003972 (x-50.0)^3 || -27 - 0.04489233791986619 (x-52.0) - 0.030947593320012543 (x-52.0)^2 + 6.447415275002614E-4 (x-52.0)^3 || "
9522.0,69.0196757516915,-38.612499249202116,68.0,-35.34,89.5000000000002,12.66," || -23 - 0.4114203115792408 (x-0.0) + 3.94908660684935E-4 (x-0.0)^3 || -27 - 0.26806846775060933 (x-11.0) + 0.013031985802602855 (x-11.0)^2 - 1.5790859865279553E-4 (x-11.0)^3 || -27 + 0.027889489199707324 (x-50.0) - 0.005443320239774223 (x-50.0)^2 - 0.00425071218003972 (x-50.0)^3 || -27 - 0.04489233791986619 (x-52.0) - 0.030947593320012543 (x-52.0)^2 + 6.447415275002614E-4 (x-52.0)^3 || "
9536.0,69.02019567824546,-38.85374678665494,68.0,-35.34,89.3125000000002,12.66," || -23 - 0.4114203115792408 (x-0.0) + 3.94908660684935E-4 (x-0.0)^3 || -27 - 0.26806846775060933 (x-11.0) + 0.013031985802602855 (x-11.0)^2 - 1.5790859865279553E-4 (x-11.0)^3 || -27 + 0.027889489199707324 (x-50.0) - 0.005443320239774223 (x-50.0)^2 - 0.00425071218003972 (x-50.0)^3 || -27 - 0.04489233791986619 (x-52.0) - 0.030947593320012543 (x-52.0)^2 + 6.447415275002614E-4 (x-52.0)^3 || "
9553.0,69.01831278248322,-39.07252973900485,68.0,-35.34,89.2500000000002,12.66," || -23 - 0.4114203115792408 (x-0.0) + 3.94908660684935E-4 (x-0.0)^3 || -27 - 0.26806846775060933 (x-11.0) + 0.013031985802602855 (x-11.0)^2 - 1.5790859865279553E-4 (x-11.0)^3 || -27 + 0.027889489199707324 (x-50.0) - 0.005443320239774223 (x-50.0)^2 - 0.00425071218003972 (x-50.0)^3 || -27 - 0.04489233791986619 (x-52.0) - 0.030947593320012543 (x-52.0)^2 + 6.447415275002614E-4 (x-52.0)^3 || "
9572.0,69.01363841934966,-39.33616107153314,68.0,-35.34,89.3125000000002,12.66," || -23 - 0.4114203115792408 (x-0.0) + 3.94908660684935E-4 (x-0.0)^3 || -27 - 0.26806846775060933 (x-11.0) + 0.013031985802602855 (x-11.0)^2 - 1.5790859865279553E-4 (x-11.0)^3 || -27 + 0.027889489199707324 (x-50.0) - 0.005443320239774223 (x-50.0)^2 - 0.00425071218003972 (x-50.0)^3 || -27 - 0.04489233791986619 (x-52.0) - 0.030947593320012543 (x-52.0)^2 + 6.447415275002614E-4 (x-52.0)^3 || "
9590.0,69.00823759438674,-39.60539734630812,68.0,-35.34,89.4375000000002,12.66," || -23 - 0.4114203115792408 (x-0.0) + 3.94908660684935E-4 (x-0.0)^3 || -27 - 0.26806846775060933 (x-11.0) + 0.013031985802602855 (x-11.0)^2 - 1.5790859865279553E-4 (x-11.0)^3 || -27 + 0.027889489199707324 (x-50.0) - 0.005443320239774223 (x-50.0)^2 - 0.00425071218003972 (x-50.0)^3 || -27 - 0.04489233791986619 (x-52.0) - 0.030947593320012543 (x-52.0)^2 + 6.447415275002614E-4 (x-52.0)^3 || "
9608.0,69.00535222431608,-39.7792875574222,68.0,-35.34,89.5000000000002,12.66," || -23 - 0.4114203115792408 (x-0.0) + 3.94908660684935E-4 (x-0.0)^3 || -27 - 0.26806846775060933 (x-11.0) + 0.013031985802602855 (x-11.0)^2 - 1.5790859865279553E-4 (x-11.0)^3 || -27 + 0.027889489199707324 (x-50.0) - 0.005443320239774223 (x-50.0)^2 - 0.00425071218003972 (x-50.0)^3 || -27 - 0.04489233791986619 (x-52.0) - 0.030947593320012543 (x-52.0)^2 + 6.447415275002614E-4 (x-52.0)^3 || "
9625.0,69.00511154095057,-39.90832049346367,68.0,-35.34,89.4375000000002,12.66," || -23 - 0.4114203115792408 (x-0.0) + 3.94908660684935E-4 (x-0.0)^3 || -27 - 0.26806846775060933 (x-11.0) + 0.013031985802602855 (x-11.0)^2 - 1.5790859865279553E-4 (x-11.0)^3 || -27 + 0.027889489199707324 (x-50.0) - 0.005443320239774223 (x-50.0)^2 - 0.00425071218003972 (x-50.0)^3 || -27 - 0.04489233791986619 (x-52.0) - 0.030947593320012543 (x-52.0)^2 + 6.447415275002614E-4 (x-52.0)^3 || "
9642.0,69.0044410966394,-39.970026707043715,68.0,-35.34,89.4375000000002,12.66," || -23 - 0.4114203115792408 (x-0.0) + 3.94908660684935E-4 (x-0.0)^3 || -27 - 0.26806846775060933 (x-11.0) + 0.013031985802602855 (x-11.0)^2 - 1.5790859865279553E-4 (x-11.0)^3 || -27 + 0.027889489199707324 (x-50.0) - 0.005443320239774223 (x-50.0)^2 - 0.00425071218003972 (x-50.0)^3 || -27 - 0.04489233791986619 (x-52.0) - 0.030947593320012543 (x-52.0)^2 + 6.447415275002614E-4 (x-52.0)^3 || "
9658.0,69.00514781441815,-40.003695739551226,68.0,-35.34,89.37500000000021,12.66," || -23 - 0.4114203115792408 (x-0.0) + 3.94908660684935E-4 (x-0.0)^3 || -27 - 0.26806846775060933 (x-11.0) + 0.013031985802602855 (x-11.0)^2 - 1.5790859865279553E-4 (x-11.0)^3 || -27 + 0.027889489199707324 (x-50.0) - 0.005443320239774223 (x-50.0)^2 - 0.00425071218003972 (x-50.0)^3 || -27 - 0.04489233791986619 (x-52.0) - 0.030947593320012543 (x-52.0)^2 + 6.447415275002614E-4 (x-52.0)^3 || "
9674.0,69.0048795398959,-40.02613408337902,68.0,-35.34,89.37500000000021,12.66," || -23 - 0.4114203115792408 (x-0.0) + 3.94908660684935E-4 (x-0.0)^3 || -27 - 0.26806846775060933 (x-11.0) + 0.013031985802602855 (x-11.0)^2 - 1.5790859865279553E-4 (x-11.0)^3 || -27 + 0.027889489199707324 (x-50.0) - 0.005443320239774223 (x-50.0)^2 - 0.00425071218003972 (x-50.0)^3 || -27 - 0.04489233791986619 (x-52.0) - 0.030947593320012543 (x-52.0)^2 + 6.447415275002614E-4 (x-52.0)^3 || "
9690.0,69.00454419674308,-40.05418201316377,68.0,-35.34,89.37500000000021,12.66," || -23 - 0.4114203115792408 (x-0.0) + 3.94908660684935E-4 (x-0.0)^3 || -27 - 0.26806846775060933 (x-11.0) + 0.013031985802602855 (x-11.0)^2 - 1.5790859865279553E-4 (x-11.0)^3 || -27 + 0.027889489199707324 (x-50.0) - 0.005443320239774223 (x-50.0)^2 - 0.00425071218003972 (x-50.0)^3 || -27 - 0.04489233791986619 (x-52.0) - 0.030947593320012543 (x-52.0)^2 + 6.447415275002614E-4 (x-52.0)^3 || "
9708.0,69.00414178495971,-40.08783952890546,68.0,-35.34,89.37500000000021,12.66," || -23 - 0.4114203115792408 (x-0.0) + 3.94908660684935E-4 (x-0.0)^3 || -27 - 0.26806846775060933 (x-11.0) + 0.013031985802602855 (x-11.0)^2 - 1.5790859865279553E-4 (x-11.0)^3 || -27 + 0.027889489199707324 (x-50.0) - 0.005443320239774223 (x-50.0)^2 - 0.00425071218003972 (x-50.0)^3 || -27 - 0.04489233791986619 (x-52.0) - 0.030947593320012543 (x-52.0)^2 + 6.447415275002614E-4 (x-52.0)^3 || "
9726.0,69.00373937317633,-40.12149704464714,68.0,-35.34,89.37500000000021,12.66," || -23 - 0.4114203115792408 (x-0.0) + 3.94908660684935E-4 (x-0.0)^3 || -27 - 0.26806846775060933 (x-11.0) + 0.013031985802602855 (x-11.0)^2 - 1.5790859865279553E-4 (x-11.0)^3 || -27 + 0.027889489199707324 (x-50.0) - 0.005443320239774223 (x-50.0)^2 - 0.00425071218003972 (x-50.0)^3 || -27 - 0.04489233791986619 (x-52.0) - 0.030947593320012543 (x-52.0)^2 + 6.447415275002614E-4 (x-52.0)^3 || "
9743.0,69.00340403002352,-40.14954497443189,68.0,-35.34,89.37500000000021,12.66," || -23 - 0.4114203115792408 (x-0.0) + 3.94908660684935E-4 (x-0.0)^3 || -27 - 0.26806846775060933 (x-11.0) + 0.013031985802602855 (x-11.0)^2 - 1.5790859865279553E-4 (x-11.0)^3 || -27 + 0.027889489199707324 (x-50.0) - 0.005443320239774223 (x-50.0)^2 - 0.00425071218003972 (x-50.0)^3 || -27 - 0.04489233791986619 (x-52.0) - 0.030947593320012543 (x-52.0)^2 + 6.447415275002614E-4 (x-52.0)^3 || "
9760.0,69.00293454960959,-40.18881207613052,68.0,-35.34,89.37500000000021,12.66," || -23 - 0.4114203115792408 (x-0.0) + 3.94908660684935E-4 (x-0.0)^3 || -27 - 0.26806846775060933 (x-11.0) + 0.013031985802602855 (x-11.0)^2 - 1.5790859865279553E-4 (x-11.0)^3 || -27 + 0.027889489199707324 (x-50.0) - 0.005443320239774223 (x-50.0)^2 - 0.00425071218003972 (x-50.0)^3 || -27 - 0.04489233791986619 (x-52.0) - 0.030947593320012543 (x-52.0)^2 + 6.447415275002614E-4 (x-52.0)^3 || "
9774.0,69.00246506919567,-40.228079177829166,68.0,-35.34,89.37500000000021,12.66," || -23 - 0.4114203115792408 (x-0.0) + 3.94908660684935E-4 (x-0.0)^3 || -27 - 0.26806846775060933 (x-11.0) + 0.013031985802602855 (x-11.0)^2 - 1.5790859865279553E-4 (x-11.0)^3 || -27 + 0.027889489199707324 (x-50.0) - 0.005443320239774223 (x-50.0)^2 - 0.00425071218003972 (x-50.0)^3 || -27 - 0.04489233791986619 (x-52.0) - 0.030947593320012543 (x-52.0)^2 + 6.447415275002614E-4 (x-52.0)^3 || "
9788.0,69.0020626574123,-40.26173669357085,68.0,-35.34,89.37500000000021,12.66," || -23 - 0.4114203115792408 (x-0.0) + 3.94908660684935E-4 (x-0.0)^3 || -27 - 0.26806846775060933 (x-11.0) + 0.013031985802602855 (x-11.0)^2 - 1.5790859865279553E-4 (x-11.0)^3 || -27 + 0.027889489199707324 (x-50.0) - 0.005443320239774223 (x-50.0)^2 - 0.00425071218003972 (x-50.0)^3 || -27 - 0.04489233791986619 (x-52.0) - 0.030947593320012543 (x-52.0)^2 + 6.447415275002614E-4 (x-52.0)^3 || "
9801.0,69.00159317699836,-40.301003795269494,68.0,-35.34,89.37500000000021,12.66," || -23 - 0.4114203115792408 (x-0.0) + 3.94908660684935E-4 (x-0.0)^3 || -27 - 0.26806846775060933 (x-11.0) + 0.013031985802602855 (x-11.0)^2 - 1.5790859865279553E-4 (x-11.0)^3 || -27 + 0.027889489199707324 (x-50.0) - 0.005443320239774223 (x-50.0)^2 - 0.00425071218003972 (x-50.0)^3 || -27 - 0.04489233791986619 (x-52.0) - 0.030947593320012543 (x-52.0)^2 + 6.447415275002614E-4 (x-52.0)^3 || "
9814.0,69.00105662795386,-40.34588048292508,68.0,-35.34,89.37500000000021,12.66," || -23 - 0.4114203115792408 (x-0.0) + 3.94908660684935E-4 (x-0.0)^3 || -27 - 0.26806846775060933 (x-11.0) + 0.013031985802602855 (x-11.0)^2 - 1.5790859865279553E-4 (x-11.0)^3 || -27 + 0.027889489199707324 (x-50.0) - 0.005443320239774223 (x-50.0)^2 - 0.00425071218003972 (x-50.0)^3 || -27 - 0.04489233791986619 (x-52.0) - 0.030947593320012543 (x-52.0)^2 + 6.447415275002614E-4 (x-52.0)^3 || "
9826.0,69.00058714753992,-40.38514758462371,68.0,-35.34,89.37500000000021,12.66," || -23 - 0.4114203115792408 (x-0.0) + 3.94908660684935E-4 (x-0.0)^3 || -27 - 0.26806846775060933 (x-11.0) + 0.013031985802602855 (x-11.0)^2 - 1.5790859865279553E-4 (x-11.0)^3 || -27 + 0.027889489199707324 (x-50.0) - 0.005443320239774223 (x-50.0)^2 - 0.00425071218003972 (x-50.0)^3 || -27 - 0.04489233791986619 (x-52.0) - 0.030947593320012543 (x-52.0)^2 + 6.447415275002614E-4 (x-52.0)^3 || "
9841.0,69.00011766712598,-40.42441468632235,68.0,-35.34,89.37500000000021,12.66," || -23 - 0.4114203115792408 (x-0.0) + 3.94908660684935E-4 (x-0.0)^3 || -27 - 0.26806846775060933 (x-11.0) + 0.013031985802602855 (x-11.0)^2 - 1.5790859865279553E-4 (x-11.0)^3 || -27 + 0.027889489199707324 (x-50.0) - 0.005443320239774223 (x-50.0)^2 - 0.00425071218003972 (x-50.0)^3 || -27 - 0.04489233791986619 (x-52.0) - 0.030947593320012543 (x-52.0)^2 + 6.447415275002614E-4 (x-52.0)^3 || "
9857.0,68.99964818671205,-40.463681788020985,68.0,-35.34,89.37500000000021,12.66," || -23 - 0.4114203115792408 (x-0.0) + 3.94908660684935E-4 (x-0.0)^3 || -27 - 0.26806846775060933 (x-11.0) + 0.013031985802602855 (x-11.0)^2 - 1.5790859865279553E-4 (x-11.0)^3 || -27 + 0.027889489199707324 (x-50.0) - 0.005443320239774223 (x-50.0)^2 - 0.00425071218003972 (x-50.0)^3 || -27 - 0.04489233791986619 (x-52.0) - 0.030947593320012543 (x-52.0)^2 + 6.447415275002614E-4 (x-52.0)^3 || "
9874.0,68.999044569037,-40.51416806163351,68.0,-35.34,89.37500000000021,12.66," || -23 - 0.4114203115792408 (x-0.0) + 3.94908660684935E-4 (x-0.0)^3 || -27 - 0.26806846775060933 (x-11.0) + 0.013031985802602855 (x-11.0)^2 - 1.5790859865279553E-4 (x-11.0)^3 || -27 + 0.027889489199707324 (x-50.0) - 0.005443320239774223 (x-50.0)^2 - 0.00425071218003972 (x-50.0)^3 || -27 - 0.04489233791986619 (x-52.0) - 0.030947593320012543 (x-52.0)^2 + 6.447415275002614E-4 (x-52.0)^3 || "
10029.0,69.02378071737652,-40.72576598603732,68.0,-36.0,89.43750000000021,3.37," || -18 - 6 (x-66.0) - (x-66.0)^3 || -25 - 9 (x-67.0) - 3 (x-67.0)^2 + (x-67.0)^3 || "
10070.0,68.98666631286872,-40.025500476656774,68.0,-36.0,89.43750000000021,1.54," || -18 - 6 (x-66.0) - (x-66.0)^3 || -25 - 9 (x-67.0) - 3 (x-67.0)^2 + (x-67.0)^3 || "
10099.0,68.80875843018364,-39.65504647961626,68.0,-36.0,89.62500000000021,11.69," || -18 - 6 (x-66.0) - (x-66.0)^3 || -25 - 9 (x-67.0) - 3 (x-67.0)^2 + (x-67.0)^3 || "
10131.0,68.61111978913696,-39.33921698683271,68.0,-36.0,89.87500000000021,13.7," || -18 - 6 (x-66.0) - (x-66.0)^3 || -25 - 9 (x-67.0) - 3 (x-67.0)^2 + (x-67.0)^3 || "
10170.0,68.44530432413569,-39.06907176742078,68.0,-36.0,90.1875000000002,12.02," || -18 - 6 (x-66.0) - (x-66.0)^3 || -25 - 9 (x-67.0) - 3 (x-67.0)^2 + (x-67.0)^3 || "
10225.0,68.17565513713836,-38.51712453568986,68.0,-36.0,90.56250000000021,8.8," || -18 - 6 (x-66.0) - (x-66.0)^3 || -25 - 9 (x-67.0) - 3 (x-67.0)^2 + (x-67.0)^3 || "
10283.0,67.79575762792618,-38.004890583952346,68.0,-36.0,90.93750000000021,10.97," || -18 - 6 (x-66.0) - (x-66.0)^3 || -25 - 9 (x-67.0) - 3 (x-67.0)^2 + (x-67.0)^3 || "
10324.0,67.48066437370082,-37.66576135706838,68.0,-36.0,91.1875000000002,11.0," || -18 - 6 (x-66.0) - (x-66.0)^3 || -25 - 9 (x-67.0) - 3 (x-67.0)^2 + (x-67.0)^3 || "
10384.0,67.04881200605496,-37.278610167796586,68.0,-36.0,91.3750000000002,11.57," || -18 - 6 (x-66.0) - (x-66.0)^3 || -25 - 9 (x-67.0) - 3 (x-67.0)^2 + (x-67.0)^3 || "
10536.0,66.21965649370844,-36.448184382737985,68.0,-36.0,91.5000000000002,9.51," || -18 - 6 (x-66.0) - (x-66.0)^3 || -25 - 9 (x-67.0) - 3 (x-67.0)^2 + (x-67.0)^3 || "
10589.0,65.8575184917271,-35.98559246373592,68.0,-36.0,91.3750000000002,8.69," || -18 - 6 (x-66.0) - (x-66.0)^3 || -25 - 9 (x-67.0) - 3 (x-67.0)^2 + (x-67.0)^3 || "
10631.0,65.65535874672388,-35.661006669430904,67.98441258968722,-35.81295486347862,90.8750000000002,8.39," || -18 - 6 (x-66.0) - (x-66.0)^3 || -25 - 9 (x-67.0) - 3 (x-67.0)^2 + (x-67.0)^3 || "
10686.0,65.36490785880645,-35.18499521858997,67.95570917914762,-35.46859703404766,90.5000000000002,8.69," || -18 - 6 (x-66.0) - (x-66.0)^3 || -25 - 9 (x-67.0) - 3 (x-67.0)^2 + (x-67.0)^3 || "
10743.0,64.97473084489044,-34.60291620413335,67.9138453670009,-34.96678389718065,89.87500000000021,10.72," || -18 - 6 (x-66.0) - (x-66.0)^3 || -25 - 9 (x-67.0) - 3 (x-67.0)^2 + (x-67.0)^3 || "
10802.0,64.5559959940375,-34.00438391194641,67.86293412195658,-34.357784527658,89.43750000000021,12.51," || -18 - 6 (x-66.0) - (x-66.0)^3 || -25 - 9 (x-67.0) - 3 (x-67.0)^2 + (x-67.0)^3 || "
10859.0,64.13537138935546,-33.33309810166624,67.80998670542733,-33.72670090503098,89.56250000000021,12.17," || -18 - 6 (x-66.0) - (x-66.0)^3 || -25 - 9 (x-67.0) - 3 (x-67.0)^2 + (x-67.0)^3 || "
10893.0,63.854810636549075,-32.88658736382188,67.75073923325783,-33.02435760230353,89.56250000000021,13.66," || -18 - 6 (x-66.0) - (x-66.0)^3 || -25 - 9 (x-67.0) - 3 (x-67.0)^2 + (x-67.0)^3 || "
10957.0,63.394631622763676,-32.130373500592256,67.7114455057593,-32.56137218284177,89.43750000000021,14.25," || -18 - 6 (x-66.0) - (x-66.0)^3 || -25 - 9 (x-67.0) - 3 (x-67.0)^2 + (x-67.0)^3 || "
11099.0,62.39418127543692,-30.35590951481976,67.64320795658918,-31.763915306799564,88.87500000000021,14.75," || -18 - 6 (x-66.0) - (x-66.0)^3 || -25 - 9 (x-67.0) - 3 (x-67.0)^2 + (x-67.0)^3 || "
11153.0,61.883116877258196,-29.35370084657998,67.48040107562191,-29.905095805798123,88.56250000000021,15.91," || -18 - 6 (x-66.0) - (x-66.0)^3 || -25 - 9 (x-67.0) - 3 (x-67.0)^2 + (x-67.0)^3 || "
11215.0,61.42380121557256,-28.41904810258713,67.3841407272947,-28.84327346068278,88.31250000000023,16.54," || -18 - 6 (x-66.0) - (x-66.0)^3 || -25 - 9 (x-67.0) - 3 (x-67.0)^2 + (x-67.0)^3 || "
11261.0,61.12029982725026,-27.74569737357561,67.29216062558456,-27.86058092634192,88.06250000000021,16.27," || -18 - 6 (x-66.0) - (x-66.0)^3 || -25 - 9 (x-67.0) - 3 (x-67.0)^2 + (x-67.0)^3 || "
11313.0,60.74916369628569,-26.918239017351258,67.22359037732264,-27.151113489393303,87.81250000000021,16.79," || -18 - 6 (x-66.0) - (x-66.0)^3 || -25 - 9 (x-67.0) - 3 (x-67.0)^2 + (x-67.0)^3 || "
11357.0,60.43595346363744,-26.192921085031628,67.13481817874184,-26.265440985328762,87.68750000000021,16.79," || -18 - 6 (x-66.0) - (x-66.0)^3 || -25 - 9 (x-67.0) - 3 (x-67.0)^2 + (x-67.0)^3 || "
11402.0,60.180334256357845,-25.60214391388971,67.05237401729408,-25.47945160480604,87.50000000000021,17.56," || -18 - 6 (x-66.0) - (x-66.0)^3 || -25 - 9 (x-67.0) - 3 (x-67.0)^2 + (x-67.0)^3 || "
11452.0,59.82157790813929,-24.701353466263008,67.0,-25.0,87.37500000000021,16.51," || -18 - 6 (x-66.0) - (x-66.0)^3 || -25 - 9 (x-67.0) - 3 (x-67.0)^2 + (x-67.0)^3 || "
11492.0,59.57062247968304,-24.065595778336572,66.86605921284578,-23.845950403270834,87.2500000000002,17.01," || -18 - 6 (x-66.0) - (x-66.0)^3 || -25 - 9 (x-67.0) - 3 (x-67.0)^2 + (x-67.0)^3 || "
11581.0,59.06941160272361,-22.798863408575883,66.77919809695571,-23.148278452515633,87.12500000000021,17.09," || -18 - 6 (x-66.0) - (x-66.0)^3 || -25 - 9 (x-67.0) - 3 (x-67.0)^2 + (x-67.0)^3 || "
11651.0,58.70953814099735,-21.849873073637443,66.58805791195655,-21.73170501779013,87.0625000000002,17.03," || -18 - 6 (x-66.0) - (x-66.0)^3 || -25 - 9 (x-67.0) - 3 (x-67.0)^2 + (x-67.0)^3 || "
11707.0,58.2876036563794,-20.691457088912543,66.43203542646133,-20.67285396267828,86.8750000000002,16.92," || -18 - 6 (x-66.0) - (x-66.0)^3 || -25 - 9 (x-67.0) - 3 (x-67.0)^2 + (x-67.0)^3 || "
11766.0,57.93198075730592,-19.717413300972225,66.23142563423862,-19.400948458861645,86.7500000000002,17.36," || -18 - 6 (x-66.0) - (x-66.0)^3 || -25 - 9 (x-67.0) - 3 (x-67.0)^2 + (x-67.0)^3 || "
11822.0,57.607543658466746,-18.809187667071868,66.06118424033549,-18.367334485905918,86.68750000000021,17.28," || -18 - 6 (x-66.0) - (x-66.0)^3 || -25 - 9 (x-67.0) - 3 (x-67.0)^2 + (x-67.0)^3 || "
11874.0,57.29758085164286,-17.931991647153993,66.0,-18.0,86.56250000000021,17.54," || -18 - 6 (x-66.0) - (x-66.0)^3 || -25 - 9 (x-67.0) - 3 (x-67.0)^2 + (x-67.0)^3 || "
11927.0,57.34159363989759,-17.223918957634293,66.0,-18.0,86.50000000000021,17.54," || -18 - 6 (x-66.0) - (x-66.0)^3 || -25 - 9 (x-67.0) - 3 (x-67.0)^2 + (x-67.0)^3 || "
11973.0,57.359964929214286,-16.789451935274908,66.0,-18.0,86.43750000000021,17.54," || -18 - 6 (x-66.0) - (x-66.0)^3 || -25 - 9 (x-67.0) - 3 (x-67.0)^2 + (x-67.0)^3 || "
12013.0,57.074857278670095,-16.62218736356113,66.0,-18.0,86.43750000000021,17.54," || -18 - 6 (x-66.0) - (x-66.0)^3 || -25 - 9 (x-67.0) - 3 (x-67.0)^2 + (x-67.0)^3 || "
12113.0,56.585771385370236,-16.42384620386754,66.0,-18.0,89.75000000000021,17.54," || -18 - 6 (x-66.0) - (x-66.0)^3 || -25 - 9 (x-67.0) - 3 (x-67.0)^2 + (x-67.0)^3 || "
12146.0,56.3377410129762,-16.461296010439263,66.0,-18.0,92.00000000000021,17.54," || -18 - 6 (x-66.0) - (x-66.0)^3 || -25 - 9 (x-67.0) - 3 (x-67.0)^2 + (x-67.0)^3 || "
12179.0,56.083477999929954,-16.5283518040277,66.0,-18.0,93.93750000000021,17.54," || -18 - 6 (x-66.0) - (x-66.0)^3 || -25 - 9 (x-67.0) - 3 (x-67.0)^2 + (x-67.0)^3 || "
12215.0,55.75664377734233,-16.631108053863056,66.0,-18.0,97.0625000000002,17.54," || -18 - 6 (x-66.0) - (x-66.0)^3 || -25 - 9 (x-67.0) - 3 (x-67.0)^2 + (x-67.0)^3 || "
12256.0,55.37358683099637,-16.794366939228333,66.0,-18.0,100.56250000000018,17.54," || -18 - 6 (x-66.0) - (x-66.0)^3 || -25 - 9 (x-67.0) - 3 (x-67.0)^2 + (x-67.0)^3 || "
12291.0,54.99680959257455,-16.956115715756166,66.0,-18.0,103.43750000000018,17.54," || -18 - 6 (x-66.0) - (x-66.0)^3 || -25 - 9 (x-67.0) - 3 (x-67.0)^2 + (x-67.0)^3 || "
12329.0,54.595709633439355,-17.11794047167328,66.0,-18.0,107.62500000000018,17.54," || -18 - 6 (x-66.0) - (x-66.0)^3 || -25 - 9 (x-67.0) - 3 (x-67.0)^2 + (x-67.0)^3 || "
12362.0,54.17710574763513,-17.29201241943082,66.0,-18.0,110.93750000000018,17.54," || -18 - 6 (x-66.0) - (x-66.0)^3 || -25 - 9 (x-67.0) - 3 (x-67.0)^2 + (x-67.0)^3 || "
12391.0,53.86620329332472,-17.431451175183028,66.0,-18.0,114.3750000000002,17.54," || -18 - 6 (x-66.0) - (x-66.0)^3 || -25 - 9 (x-67.0) - 3 (x-67.0)^2 + (x-67.0)^3 || "
12459.0,53.100061103525384,-17.789221588932627,66.0,-18.0,122.43750000000021,17.54," || -18 - 6 (x-66.0) - (x-66.0)^3 || -25 - 9 (x-67.0) - 3 (x-67.0)^2 + (x-67.0)^3 || "
12524.0,52.68648822816304,-18.02328030469129,66.0,-18.0,126.93750000000021,17.54," || -18 - 6 (x-66.0) - (x-66.0)^3 || -25 - 9 (x-67.0) - 3 (x-67.0)^2 + (x-67.0)^3 || "
12627.0,51.36851879591561,-18.99693624133511,66.0,-18.0,140.93750000000023,17.54," || -18 - 6 (x-66.0) - (x-66.0)^3 || -25 - 9 (x-67.0) - 3 (x-67.0)^2 + (x-67.0)^3 || "
12663.0,51.110572768075436,-19.29065806023467,66.0,-18.0,143.93750000000023,17.54," || -18 - 6 (x-66.0) - (x-66.0)^3 || -25 - 9 (x-67.0) - 3 (x-67.0)^2 + (x-67.0)^3 || "
12699.0,50.865897089375935,-19.631706955606234,66.0,-18.0,147.81250000000023,17.54," || -18 - 6 (x-66.0) - (x-66.0)^3 || -25 - 9 (x-67.0) - 3 (x-67.0)^2 + (x-67.0)^3 || "
12734.0,50.664919878762575,-19.935843045394968,66.0,-18.0,151.50000000000023,17.54," || -18 - 6 (x-66.0) - (x-66.0)^3 || -25 - 9 (x-67.0) - 3 (x-67.0)^2 + (x-67.0)^3 || "
12769.0,50.47543956490897,-20.249550807843814,66.0,-18.0,154.18750000000023,17.54," || -18 - 6 (x-66.0) - (x-66.0)^3 || -25 - 9 (x-67.0) - 3 (x-67.0)^2 + (x-67.0)^3 || "
12804.0,50.324756271994964,-20.558108529086557,66.0,-18.0,157.50000000000023,17.54," || -18 - 6 (x-66.0) - (x-66.0)^3 || -25 - 9 (x-67.0) - 3 (x-67.0)^2 + (x-67.0)^3 || "
12839.0,50.17878557207882,-20.84691236296426,66.0,-18.0,159.87500000000023,17.54," || -18 - 6 (x-66.0) - (x-66.0)^3 || -25 - 9 (x-67.0) - 3 (x-67.0)^2 + (x-67.0)^3 || "
12877.0,50.052738768172816,-21.1484903478064,66.0,-18.0,162.75000000000023,17.54," || -18 - 6 (x-66.0) - (x-66.0)^3 || -25 - 9 (x-67.0) - 3 (x-67.0)^2 + (x-67.0)^3 || "
12910.0,49.96388141171444,-21.38306825119694,66.0,-18.0,164.81250000000023,17.54," || -18 - 6 (x-66.0) - (x-66.0)^3 || -25 - 9 (x-67.0) - 3 (x-67.0)^2 + (x-67.0)^3 || "
12975.0,49.8476027225308,-21.795023833231195,66.0,-18.0,168.8750000000002,17.54," || -18 - 6 (x-66.0) - (x-66.0)^3 || -25 - 9 (x-67.0) - 3 (x-67.0)^2 + (x-67.0)^3 || "
13029.0,49.79714038629118,-21.99245481852178,66.0,-18.0,170.4375000000002,17.54," || -18 - 6 (x-66.0) - (x-66.0)^3 || -25 - 9 (x-67.0) - 3 (x-67.0)^2 + (x-67.0)^3 || "
13133.0,49.702611705218565,-22.529801503488585,66.0,-18.0,175.50000000000023,17.54," || -18 - 6 (x-66.0) - (x-66.0)^3 || -25 - 9 (x-67.0) - 3 (x-67.0)^2 + (x-67.0)^3 || "
13167.0,49.692516798081535,-22.63391432959883,66.0,-18.0,176.31250000000023,17.54," || -18 - 6 (x-66.0) - (x-66.0)^3 || -25 - 9 (x-67.0) - 3 (x-67.0)^2 + (x-67.0)^3 || "
13202.0,49.67617658256679,-22.7212246643056,66.0,-18.0,177.00000000000023,17.54," || -18 - 6 (x-66.0) - (x-66.0)^3 || -25 - 9 (x-67.0) - 3 (x-67.0)^2 + (x-67.0)^3 || "
13238.0,49.66967503384893,-22.805463551060154,66.0,-18.0,177.7500000000002,17.54," || -18 - 6 (x-66.0) - (x-66.0)^3 || -25 - 9 (x-67.0) - 3 (x-67.0)^2 + (x-67.0)^3 || "
13274.0,49.656162663288015,-22.873040423746488,66.0,-18.0,178.3750000000002,17.54," || -18 - 6 (x-66.0) - (x-66.0)^3 || -25 - 9 (x-67.0) - 3 (x-67.0)^2 + (x-67.0)^3 || "
13310.0,49.663505878354755,-22.92151399709862,66.0,-18.0,178.6875000000002,17.54," || -18 - 6 (x-66.0) - (x-66.0)^3 || -25 - 9 (x-67.0) - 3 (x-67.0)^2 + (x-67.0)^3 || "
13345.0,49.666406399669825,-22.9423916950397,66.0,-18.0,179.0625000000002,17.54," || -18 - 6 (x-66.0) - (x-66.0)^3 || -25 - 9 (x-67.0) - 3 (x-67.0)^2 + (x-67.0)^3 || "
13364.0,49.67489610392004,-22.948374809748834,66.0,-18.0,179.1250000000002,17.54," || -18 - 6 (x-66.0) - (x-66.0)^3 || -25 - 9 (x-67.0) - 3 (x-67.0)^2 + (x-67.0)^3 || "
13383.0,49.66621529851915,-22.955191318029392,66.0,-18.0,179.25000000000023,17.54," || -18 - 6 (x-66.0) - (x-66.0)^3 || -25 - 9 (x-67.0) - 3 (x-67.0)^2 + (x-67.0)^3 || "
13400.0,49.668778430953886,-22.961072023097767,66.0,-18.0,179.31250000000023,17.54," || -18 - 6 (x-66.0) - (x-66.0)^3 || -25 - 9 (x-67.0) - 3 (x-67.0)^2 + (x-67.0)^3 || "
13417.0,49.674266581504426,-22.97174093026674,66.0,-18.0,179.37500000000023,17.54," || -18 - 6 (x-66.0) - (x-66.0)^3 || -25 - 9 (x-67.0) - 3 (x-67.0)^2 + (x-67.0)^3 || "
13435.0,49.67717910676765,-22.97761951741258,66.0,-18.0,179.43750000000023,17.54," || -18 - 6 (x-66.0) - (x-66.0)^3 || -25 - 9 (x-67.0) - 3 (x-67.0)^2 + (x-67.0)^3 || "
13453.0,49.68019895411675,-22.97289167701788,66.0,-18.0,179.43750000000023,17.54," || -18 - 6 (x-66.0) - (x-66.0)^3 || -25 - 9 (x-67.0) - 3 (x-67.0)^2 + (x-67.0)^3 || "
13474.0,49.68019895411675,-22.97289167701788,66.0,-18.0,179.43750000000023,17.54," || -18 - 6 (x-66.0) - (x-66.0)^3 || -25 - 9 (x-67.0) - 3 (x-67.0)^2 + (x-67.0)^3 || "
13491.0,49.68019895411675,-22.97289167701788,66.0,-18.0,179.43750000000023,17.54," || -18 - 6 (x-66.0) - (x-66.0)^3 || -25 - 9 (x-67.0) - 3 (x-67.0)^2 + (x-67.0)^3 || "
13508.0,49.68019895411675,-22.97289167701788,66.0,-18.0,179.43750000000023,17.54," || -18 - 6 (x-66.0) - (x-66.0)^3 || -25 - 9 (x-67.0) - 3 (x-67.0)^2 + (x-67.0)^3 || "
13547.0,49.680210258075924,-22.97180090486085,66.0,-18.0,179.37500000000023,17.54," || -18 - 6 (x-66.0) - (x-66.0)^3 || -25 - 9 (x-67.0) - 3 (x-67.0)^2 + (x-67.0)^3 || "
13566.0,49.68021025807593,-22.97180090486085,66.0,-18.0,179.37500000000023,17.54," || -18 - 6 (x-66.0) - (x-66.0)^3 || -25 - 9 (x-67.0) - 3 (x-67.0)^2 + (x-67.0)^3 || "
13583.0,49.68021025807593,-22.97180090486085,66.0,-18.0,179.37500000000023,17.54," || -18 - 6 (x-66.0) - (x-66.0)^3 || -25 - 9 (x-67.0) - 3 (x-67.0)^2 + (x-67.0)^3 || "
13632.0,49.68021025807593,-22.97180090486085,66.0,-18.0,179.37500000000023,17.54," || -18 - 6 (x-66.0) - (x-66.0)^3 || -25 - 9 (x-67.0) - 3 (x-67.0)^2 + (x-67.0)^3 || "
13652.0,49.68021025807593,-22.97180090486085,66.0,-18.0,179.37500000000023,17.54," || -18 - 6 (x-66.0) - (x-66.0)^3 || -25 - 9 (x-67.0) - 3 (x-67.0)^2 + (x-67.0)^3 || "
13670.0,49.68021025807593,-22.97180090486085,66.0,-18.0,179.37500000000023,17.54," || -18 - 6 (x-66.0) - (x-66.0)^3 || -25 - 9 (x-67.0) - 3 (x-67.0)^2 + (x-67.0)^3 || "
13687.0,49.68021025807593,-22.97180090486085,66.0,-18.0,179.37500000000023,17.54," || -18 - 6 (x-66.0) - (x-66.0)^3 || -25 - 9 (x-67.0) - 3 (x-67.0)^2 + (x-67.0)^3 || "
13705.0,49.68021025807593,-22.97180090486085,66.0,-18.0,179.37500000000023,17.54," || -18 - 6 (x-66.0) - (x-66.0)^3 || -25 - 9 (x-67.0) - 3 (x-67.0)^2 + (x-67.0)^3 || "
13723.0,49.68021025807593,-22.97180090486085,66.0,-18.0,179.37500000000023,17.54," || -18 - 6 (x-66.0) - (x-66.0)^3 || -25 - 9 (x-67.0) - 3 (x-67.0)^2 + (x-67.0)^3 || "
13741.0,49.68021025807593,-22.97180090486085,66.0,-18.0,179.37500000000023,17.54," || -18 - 6 (x-66.0) - (x-66.0)^3 || -25 - 9 (x-67.0) - 3 (x-67.0)^2 + (x-67.0)^3 || "
13760.0,49.68021025807593,-22.97180090486085,66.0,-18.0,179.37500000000023,17.54," || -18 - 6 (x-66.0) - (x-66.0)^3 || -25 - 9 (x-67.0) - 3 (x-67.0)^2 + (x-67.0)^3 || "
13780.0,49.68021025807593,-22.97180090486085,66.0,-18.0,179.37500000000023,17.54," || -18 - 6 (x-66.0) - (x-66.0)^3 || -25 - 9 (x-67.0) - 3 (x-67.0)^2 + (x-67.0)^3 || "
13799.0,49.68021025807593,-22.97180090486085,66.0,-18.0,179.37500000000023,17.54," || -18 - 6 (x-66.0) - (x-66.0)^3 || -25 - 9 (x-67.0) - 3 (x-67.0)^2 + (x-67.0)^3 || "
13817.0,49.68021025807593,-22.97180090486085,66.0,-18.0,179.37500000000023,17.54," || -18 - 6 (x-66.0) - (x-66.0)^3 || -25 - 9 (x-67.0) - 3 (x-67.0)^2 + (x-67.0)^3 || "
13834.0,49.68021025807593,-22.97180090486085,66.0,-18.0,179.37500000000023,17.54," || -18 - 6 (x-66.0) - (x-66.0)^3 || -25 - 9 (x-67.0) - 3 (x-67.0)^2 + (x-67.0)^3 || "
13851.0,49.68021025807593,-22.97180090486085,66.0,-18.0,179.37500000000023,17.54," || -18 - 6 (x-66.0) - (x-66.0)^3 || -25 - 9 (x-67.0) - 3 (x-67.0)^2 + (x-67.0)^3 || "
13870.0,49.68021025807593,-22.97180090486085,66.0,-18.0,179.37500000000023,17.54," || -18 - 6 (x-66.0) - (x-66.0)^3 || -25 - 9 (x-67.0) - 3 (x-67.0)^2 + (x-67.0)^3 || "
13888.0,49.68021025807593,-22.97180090486085,66.0,-18.0,179.37500000000023,17.54," || -18 - 6 (x-66.0) - (x-66.0)^3 || -25 - 9 (x-67.0) - 3 (x-67.0)^2 + (x-67.0)^3 || "
13907.0,49.68021025807593,-22.97180090486085,66.0,-18.0,179.37500000000023,17.54," || -18 - 6 (x-66.0) - (x-66.0)^3 || -25 - 9 (x-67.0) - 3 (x-67.0)^2 + (x-67.0)^3 || "
13924.0,49.68021025807593,-22.97180090486085,66.0,-18.0,179.37500000000023,17.54," || -18 - 6 (x-66.0) - (x-66.0)^3 || -25 - 9 (x-67.0) - 3 (x-67.0)^2 + (x-67.0)^3 || "
13942.0,49.68021025807593,-22.97180090486085,66.0,-18.0,179.37500000000023,17.54," || -18 - 6 (x-66.0) - (x-66.0)^3 || -25 - 9 (x-67.0) - 3 (x-67.0)^2 + (x-67.0)^3 || "
13959.0,49.68021025807593,-22.97180090486085,66.0,-18.0,179.37500000000023,17.54," || -18 - 6 (x-66.0) - (x-66.0)^3 || -25 - 9 (x-67.0) - 3 (x-67.0)^2 + (x-67.0)^3 || "
13979.0,49.68021025807593,-22.97180090486085,66.0,-18.0,179.37500000000023,17.54," || -18 - 6 (x-66.0) - (x-66.0)^3 || -25 - 9 (x-67.0) - 3 (x-67.0)^2 + (x-67.0)^3 || "
13997.0,49.68021025807593,-22.97180090486085,66.0,-18.0,179.37500000000023,17.54," || -18 - 6 (x-66.0) - (x-66.0)^3 || -25 - 9 (x-67.0) - 3 (x-67.0)^2 + (x-67.0)^3 || "
14014.0,49.68021025807593,-22.97180090486085,66.0,-18.0,179.37500000000023,17.54," || -18 - 6 (x-66.0) - (x-66.0)^3 || -25 - 9 (x-67.0) - 3 (x-67.0)^2 + (x-67.0)^3 || "
14052.0,49.68021025807593,-22.97180090486085,66.0,-18.0,179.37500000000023,17.54," || -18 - 6 (x-66.0) - (x-66.0)^3 || -25 - 9 (x-67.0) - 3 (x-67.0)^2 + (x-67.0)^3 || "
14071.0,49.68021025807593,-22.97180090486085,66.0,-18.0,179.37500000000023,17.54," || -18 - 6 (x-66.0) - (x-66.0)^3 || -25 - 9 (x-67.0) - 3 (x-67.0)^2 + (x-67.0)^3 || "
14089.0,49.68021025807593,-22.97180090486085,66.0,-18.0,179.37500000000023,17.54," || -18 - 6 (x-66.0) - (x-66.0)^3 || -25 - 9 (x-67.0) - 3 (x-67.0)^2 + (x-67.0)^3 || "
14136.0,49.68021025807593,-22.97180090486085,66.0,-18.0,179.37500000000023,17.54," || -18 - 6 (x-66.0) - (x-66.0)^3 || -25 - 9 (x-67.0) - 3 (x-67.0)^2 + (x-67.0)^3 || "
14152.0,49.68021025807593,-22.97180090486085,66.0,-18.0,179.37500000000023,17.54," || -18 - 6 (x-66.0) - (x-66.0)^3 || -25 - 9 (x-67.0) - 3 (x-67.0)^2 + (x-67.0)^3 || "
14169.0,49.68021025807593,-22.97180090486085,66.0,-18.0,179.37500000000023,17.54," || -18 - 6 (x-66.0) - (x-66.0)^3 || -25 - 9 (x-67.0) - 3 (x-67.0)^2 + (x-67.0)^3 || "
14187.0,49.68021025807593,-22.97180090486085,66.0,-18.0,179.37500000000023,17.54," || -18 - 6 (x-66.0) - (x-66.0)^3 || -25 - 9 (x-67.0) - 3 (x-67.0)^2 + (x-67.0)^3 || "
14204.0,49.68021025807593,-22.97180090486085,66.0,-18.0,179.37500000000023,17.54," || -18 - 6 (x-66.0) - (x-66.0)^3 || -25 - 9 (x-67.0) - 3 (x-67.0)^2 + (x-67.0)^3 || "
14221.0,49.68021025807593,-22.97180090486085,66.0,-18.0,179.37500000000023,17.54," || -18 - 6 (x-66.0) - (x-66.0)^3 || -25 - 9 (x-67.0) - 3 (x-67.0)^2 + (x-67.0)^3 || "
14239.0,49.68021025807593,-22.97180090486085,66.0,-18.0,179.37500000000023,17.54," || -18 - 6 (x-66.0) - (x-66.0)^3 || -25 - 9 (x-67.0) - 3 (x-67.0)^2 + (x-67.0)^3 || "
14259.0,49.68021025807593,-22.97180090486085,66.0,-18.0,179.37500000000023,17.54," || -18 - 6 (x-66.0) - (x-66.0)^3 || -25 - 9 (x-67.0) - 3 (x-67.0)^2 + (x-67.0)^3 || "
14277.0,49.68021025807593,-22.97180090486085,66.0,-18.0,179.37500000000023,17.54," || -18 - 6 (x-66.0) - (x-66.0)^3 || -25 - 9 (x-67.0) - 3 (x-67.0)^2 + (x-67.0)^3 || "
14293.0,49.68021025807593,-22.97180090486085,66.0,-18.0,179.37500000000023,17.54," || -18 - 6 (x-66.0) - (x-66.0)^3 || -25 - 9 (x-67.0) - 3 (x-67.0)^2 + (x-67.0)^3 || "
14308.0,49.68021025807593,-22.97180090486085,66.0,-18.0,179.37500000000023,17.54," || -18 - 6 (x-66.0) - (x-66.0)^3 || -25 - 9 (x-67.0) - 3 (x-67.0)^2 + (x-67.0)^3 || "
14326.0,49.68021025807593,-22.97180090486085,66.0,-18.0,179.37500000000023,17.54," || -18 - 6 (x-66.0) - (x-66.0)^3 || -25 - 9 (x-67.0) - 3 (x-67.0)^2 + (x-67.0)^3 || "
14343.0,49.68021025807593,-22.97180090486085,66.0,-18.0,179.37500000000023,17.54," || -18 - 6 (x-66.0) - (x-66.0)^3 || -25 - 9 (x-67.0) - 3 (x-67.0)^2 + (x-67.0)^3 || "
14361.0,49.68021025807593,-22.97180090486085,66.0,-18.0,179.37500000000023,17.54," || -18 - 6 (x-66.0) - (x-66.0)^3 || -25 - 9 (x-67.0) - 3 (x-67.0)^2 + (x-67.0)^3 || "
14378.0,49.674600604960695,-22.971739710610663,66.0,-18.0,179.37500000000023,17.54," || -18 - 6 (x-66.0) - (x-66.0)^3 || -25 - 9 (x-67.0) - 3 (x-67.0)^2 + (x-67.0)^3 || "
14399.0,49.674600604960695,-22.971739710610663,66.0,-18.0,179.37500000000023,17.54," || -18 - 6 (x-66.0) - (x-66.0)^3 || -25 - 9 (x-67.0) - 3 (x-67.0)^2 + (x-67.0)^3 || "
14417.0,49.674600604960695,-22.971739710610663,66.0,-18.0,179.37500000000023,17.54," || -18 - 6 (x-66.0) - (x-66.0)^3 || -25 - 9 (x-67.0) - 3 (x-67.0)^2 + (x-67.0)^3 || "
14436.0,49.674600604960695,-22.971739710610663,66.0,-18.0,179.37500000000023,17.54," || -18 - 6 (x-66.0) - (x-66.0)^3 || -25 - 9 (x-67.0) - 3 (x-67.0)^2 + (x-67.0)^3 || "
14453.0,49.674600604960695,-22.971739710610663,66.0,-18.0,179.37500000000023,17.54," || -18 - 6 (x-66.0) - (x-66.0)^3 || -25 - 9 (x-67.0) - 3 (x-67.0)^2 + (x-67.0)^3 || "
14470.0,49.674600604960695,-22.971739710610663,66.0,-18.0,179.37500000000023,17.54," || -18 - 6 (x-66.0) - (x-66.0)^3 || -25 - 9 (x-67.0) - 3 (x-67.0)^2 + (x-67.0)^3 || "
14488.0,49.674600604960695,-22.971739710610663,66.0,-18.0,179.37500000000023,17.54," || -18 - 6 (x-66.0) - (x-66.0)^3 || -25 - 9 (x-67.0) - 3 (x-67.0)^2 + (x-67.0)^3 || "
14504.0,49.674600604960695,-22.971739710610663,66.0,-18.0,179.37500000000023,17.54," || -18 - 6 (x-66.0) - (x-66.0)^3 || -25 - 9 (x-67.0) - 3 (x-67.0)^2 + (x-67.0)^3 || "
14524.0,49.674600604960695,-22.971739710610663,66.0,-18.0,179.37500000000023,17.54," || -18 - 6 (x-66.0) - (x-66.0)^3 || -25 - 9 (x-67.0) - 3 (x-67.0)^2 + (x-67.0)^3 || "
14558.0,49.674600604960695,-22.971739710610663,66.0,-18.0,179.37500000000023,17.54," || -18 - 6 (x-66.0) - (x-66.0)^3 || -25 - 9 (x-67.0) - 3 (x-67.0)^2 + (x-67.0)^3 || "
14578.0,49.674600604960695,-22.971739710610663,66.0,-18.0,179.37500000000023,17.54," || -18 - 6 (x-66.0) - (x-66.0)^3 || -25 - 9 (x-67.0) - 3 (x-67.0)^2 + (x-67.0)^3 || "
14597.0,49.674600604960695,-22.971739710610663,66.0,-18.0,179.37500000000023,17.54," || -18 - 6 (x-66.0) - (x-66.0)^3 || -25 - 9 (x-67.0) - 3 (x-67.0)^2 + (x-67.0)^3 || "
14645.0,49.674600604960695,-22.971739710610663,66.0,-18.0,179.37500000000023,17.54," || -18 - 6 (x-66.0) - (x-66.0)^3 || -25 - 9 (x-67.0) - 3 (x-67.0)^2 + (x-67.0)^3 || "
14662.0,49.674600604960695,-22.971739710610663,66.0,-18.0,179.37500000000023,17.54," || -18 - 6 (x-66.0) - (x-66.0)^3 || -25 - 9 (x-67.0) - 3 (x-67.0)^2 + (x-67.0)^3 || "
14678.0,49.674600604960695,-22.971739710610663,66.0,-18.0,179.37500000000023,17.54," || -18 - 6 (x-66.0) - (x-66.0)^3 || -25 - 9 (x-67.0) - 3 (x-67.0)^2 + (x-67.0)^3 || "
14694.0,49.674600604960695,-22.971739710610663,66.0,-18.0,179.37500000000023,17.54," || -18 - 6 (x-66.0) - (x-66.0)^3 || -25 - 9 (x-67.0) - 3 (x-67.0)^2 + (x-67.0)^3 || "
14712.0,49.674600604960695,-22.971739710610663,66.0,-18.0,179.37500000000023,17.54," || -18 - 6 (x-66.0) - (x-66.0)^3 || -25 - 9 (x-67.0) - 3 (x-67.0)^2 + (x-67.0)^3 || "
14733.0,49.674600604960695,-22.971739710610663,66.0,-18.0,179.37500000000023,17.54," || -18 - 6 (x-66.0) - (x-66.0)^3 || -25 - 9 (x-67.0) - 3 (x-67.0)^2 + (x-67.0)^3 || "
14750.0,49.674600604960695,-22.971739710610663,66.0,-18.0,179.37500000000023,17.54," || -18 - 6 (x-66.0) - (x-66.0)^3 || -25 - 9 (x-67.0) - 3 (x-67.0)^2 + (x-67.0)^3 || "
14768.0,49.674600604960695,-22.971739710610663,66.0,-18.0,179.37500000000023,17.54," || -18 - 6 (x-66.0) - (x-66.0)^3 || -25 - 9 (x-67.0) - 3 (x-67.0)^2 + (x-67.0)^3 || "
14786.0,49.674600604960695,-22.971739710610663,66.0,-18.0,179.37500000000023,17.54," || -18 - 6 (x-66.0) - (x-66.0)^3 || -25 - 9 (x-67.0) - 3 (x-67.0)^2 + (x-67.0)^3 || "
14804.0,49.674600604960695,-22.971739710610663,66.0,-18.0,179.37500000000023,17.54," || -18 - 6 (x-66.0) - (x-66.0)^3 || -25 - 9 (x-67.0) - 3 (x-67.0)^2 + (x-67.0)^3 || "
14823.0,49.674600604960695,-22.971739710610663,66.0,-18.0,179.37500000000023,17.54," || -18 - 6 (x-66.0) - (x-66.0)^3 || -25 - 9 (x-67.0) - 3 (x-67.0)^2 + (x-67.0)^3 || "
14841.0,49.674600604960695,-22.971739710610663,66.0,-18.0,179.37500000000023,17.54," || -18 - 6 (x-66.0) - (x-66.0)^3 || -25 - 9 (x-67.0) - 3 (x-67.0)^2 + (x-67.0)^3 || "
14860.0,49.674600604960695,-22.971739710610663,66.0,-18.0,179.37500000000023,17.54," || -18 - 6 (x-66.0) - (x-66.0)^3 || -25 - 9 (x-67.0) - 3 (x-67.0)^2 + (x-67.0)^3 || "
14879.0,49.674600604960695,-22.971739710610663,66.0,-18.0,179.37500000000023,17.54," || -18 - 6 (x-66.0) - (x-66.0)^3 || -25 - 9 (x-67.0) - 3 (x-67.0)^2 + (x-67.0)^3 || "
14899.0,49.674600604960695,-22.971739710610663,66.0,-18.0,179.37500000000023,17.54," || -18 - 6 (x-66.0) - (x-66.0)^3 || -25 - 9 (x-67.0) - 3 (x-67.0)^2 + (x-67.0)^3 || "
14916.0,49.674600604960695,-22.971739710610663,66.0,-18.0,179.37500000000023,17.54," || -18 - 6 (x-66.0) - (x-66.0)^3 || -25 - 9 (x-67.0) - 3 (x-67.0)^2 + (x-67.0)^3 || "
14932.0,49.674600604960695,-22.971739710610663,66.0,-18.0,179.37500000000023,17.54," || -18 - 6 (x-66.0) - (x-66.0)^3 || -25 - 9 (x-67.0) - 3 (x-67.0)^2 + (x-67.0)^3 || "
14949.0,49.674600604960695,-22.971739710610663,66.0,-18.0,179.37500000000023,17.54," || -18 - 6 (x-66.0) - (x-66.0)^3 || -25 - 9 (x-67.0) - 3 (x-67.0)^2 + (x-67.0)^3 || "
14966.0,49.674600604960695,-22.971739710610663,66.0,-18.0,179.37500000000023,17.54," || -18 - 6 (x-66.0) - (x-66.0)^3 || -25 - 9 (x-67.0) - 3 (x-67.0)^2 + (x-67.0)^3 || "
14986.0,49.674600604960695,-22.971739710610663,66.0,-18.0,179.37500000000023,17.54," || -18 - 6 (x-66.0) - (x-66.0)^3 || -25 - 9 (x-67.0) - 3 (x-67.0)^2 + (x-67.0)^3 || "
15003.0,49.674600604960695,-22.971739710610663,66.0,-18.0,179.37500000000023,17.54," || -18 - 6 (x-66.0) - (x-66.0)^3 || -25 - 9 (x-67.0) - 3 (x-67.0)^2 + (x-67.0)^3 || "
15019.0,49.674600604960695,-22.971739710610663,66.0,-18.0,179.37500000000023,17.54," || -18 - 6 (x-66.0) - (x-66.0)^3 || -25 - 9 (x-67.0) - 3 (x-67.0)^2 + (x-67.0)^3 || "
15037.0,49.674600604960695,-22.971739710610663,66.0,-18.0,179.37500000000023,17.54," || -18 - 6 (x-66.0) - (x-66.0)^3 || -25 - 9 (x-67.0) - 3 (x-67.0)^2 + (x-67.0)^3 || "
15071.0,49.674600604960695,-22.971739710610663,66.0,-18.0,179.37500000000023,17.54," || -18 - 6 (x-66.0) - (x-66.0)^3 || -25 - 9 (x-67.0) - 3 (x-67.0)^2 + (x-67.0)^3 || "
15092.0,49.674600604960695,-22.971739710610663,66.0,-18.0,179.37500000000023,17.54," || -18 - 6 (x-66.0) - (x-66.0)^3 || -25 - 9 (x-67.0) - 3 (x-67.0)^2 + (x-67.0)^3 || "
15110.0,49.674600604960695,-22.971739710610663,66.0,-18.0,179.37500000000023,17.54," || -18 - 6 (x-66.0) - (x-66.0)^3 || -25 - 9 (x-67.0) - 3 (x-67.0)^2 + (x-67.0)^3 || "
15158.0,49.674600604960695,-22.971739710610663,66.0,-18.0,179.37500000000023,17.54," || -18 - 6 (x-66.0) - (x-66.0)^3 || -25 - 9 (x-67.0) - 3 (x-67.0)^2 + (x-67.0)^3 || "
15174.0,49.674600604960695,-22.971739710610663,66.0,-18.0,179.37500000000023,17.54," || -18 - 6 (x-66.0) - (x-66.0)^3 || -25 - 9 (x-67.0) - 3 (x-67.0)^2 + (x-67.0)^3 || "
15191.0,49.674600604960695,-22.971739710610663,66.0,-18.0,179.37500000000023,17.54," || -18 - 6 (x-66.0) - (x-66.0)^3 || -25 - 9 (x-67.0) - 3 (x-67.0)^2 + (x-67.0)^3 || "
15212.0,49.674600604960695,-22.971739710610663,66.0,-18.0,179.37500000000023,17.54," || -18 - 6 (x-66.0) - (x-66.0)^3 || -25 - 9 (x-67.0) - 3 (x-67.0)^2 + (x-67.0)^3 || "
15225.0,49.674600604960695,-22.971739710610663,66.0,-18.0,179.37500000000023,17.54," || -18 - 6 (x-66.0) - (x-66.0)^3 || -25 - 9 (x-67.0) - 3 (x-67.0)^2 + (x-67.0)^3 || "
15240.0,49.674600604960695,-22.971739710610663,66.0,-18.0,179.37500000000023,17.54," || -18 - 6 (x-66.0) - (x-66.0)^3 || -25 - 9 (x-67.0) - 3 (x-67.0)^2 + (x-67.0)^3 || "
15253.0,49.674600604960695,-22.971739710610663,66.0,-18.0,179.37500000000023,17.54," || -18 - 6 (x-66.0) - (x-66.0)^3 || -25 - 9 (x-67.0) - 3 (x-67.0)^2 + (x-67.0)^3 || "
15269.0,49.674600604960695,-22.971739710610663,66.0,-18.0,179.37500000000023,17.54," || -18 - 6 (x-66.0) - (x-66.0)^3 || -25 - 9 (x-67.0) - 3 (x-67.0)^2 + (x-67.0)^3 || "
15283.0,49.674600604960695,-22.971739710610663,66.0,-18.0,179.37500000000023,17.54," || -18 - 6 (x-66.0) - (x-66.0)^3 || -25 - 9 (x-67.0) - 3 (x-67.0)^2 + (x-67.0)^3 || "
15300.0,49.674600604960695,-22.971739710610663,66.0,-18.0,179.37500000000023,17.54," || -18 - 6 (x-66.0) - (x-66.0)^3 || -25 - 9 (x-67.0) - 3 (x-67.0)^2 + (x-67.0)^3 || "
15318.0,49.674600604960695,-22.971739710610663,66.0,-18.0,179.37500000000023,17.54," || -18 - 6 (x-66.0) - (x-66.0)^3 || -25 - 9 (x-67.0) - 3 (x-67.0)^2 + (x-67.0)^3 || "
15334.0,49.674600604960695,-22.971739710610663,66.0,-18.0,179.37500000000023,17.54," || -18 - 6 (x-66.0) - (x-66.0)^3 || -25 - 9 (x-67.0) - 3 (x-67.0)^2 + (x-67.0)^3 || "
15350.0,49.674600604960695,-22.971739710610663,66.0,-18.0,179.37500000000023,17.54," || -18 - 6 (x-66.0) - (x-66.0)^3 || -25 - 9 (x-67.0) - 3 (x-67.0)^2 + (x-67.0)^3 || "
15366.0,49.674600604960695,-22.971739710610663,66.0,-18.0,179.37500000000023,17.54," || -18 - 6 (x-66.0) - (x-66.0)^3 || -25 - 9 (x-67.0) - 3 (x-67.0)^2 + (x-67.0)^3 || "
15386.0,49.674600604960695,-22.971739710610663,66.0,-18.0,179.37500000000023,17.54," || -18 - 6 (x-66.0) - (x-66.0)^3 || -25 - 9 (x-67.0) - 3 (x-67.0)^2 + (x-67.0)^3 || "
15403.0,49.674600604960695,-22.971739710610663,66.0,-18.0,179.37500000000023,17.54," || -18 - 6 (x-66.0) - (x-66.0)^3 || -25 - 9 (x-67.0) - 3 (x-67.0)^2 + (x-67.0)^3 || "
15419.0,49.674600604960695,-22.971739710610663,66.0,-18.0,179.37500000000023,17.54," || -18 - 6 (x-66.0) - (x-66.0)^3 || -25 - 9 (x-67.0) - 3 (x-67.0)^2 + (x-67.0)^3 || "
15435.0,49.674600604960695,-22.971739710610663,66.0,-18.0,179.37500000000023,17.54," || -18 - 6 (x-66.0) - (x-66.0)^3 || -25 - 9 (x-67.0) - 3 (x-67.0)^2 + (x-67.0)^3 || "
15452.0,49.674600604960695,-22.971739710610663,66.0,-18.0,179.37500000000023,17.54," || -18 - 6 (x-66.0) - (x-66.0)^3 || -25 - 9 (x-67.0) - 3 (x-67.0)^2 + (x-67.0)^3 || "
15472.0,49.674600604960695,-22.971739710610663,66.0,-18.0,179.37500000000023,17.54," || -18 - 6 (x-66.0) - (x-66.0)^3 || -25 - 9 (x-67.0) - 3 (x-67.0)^2 + (x-67.0)^3 || "
15490.0,49.674600604960695,-22.971739710610663,66.0,-18.0,179.37500000000023,17.54," || -18 - 6 (x-66.0) - (x-66.0)^3 || -25 - 9 (x-67.0) - 3 (x-67.0)^2 + (x-67.0)^3 || "
15509.0,49.674600604960695,-22.971739710610663,66.0,-18.0,179.37500000000023,17.54," || -18 - 6 (x-66.0) - (x-66.0)^3 || -25 - 9 (x-67.0) - 3 (x-67.0)^2 + (x-67.0)^3 || "
15525.0,49.674600604960695,-22.971739710610663,66.0,-18.0,179.37500000000023,17.54," || -18 - 6 (x-66.0) - (x-66.0)^3 || -25 - 9 (x-67.0) - 3 (x-67.0)^2 + (x-67.0)^3 || "
15542.0,49.674600604960695,-22.971739710610663,66.0,-18.0,179.37500000000023,17.54," || -18 - 6 (x-66.0) - (x-66.0)^3 || -25 - 9 (x-67.0) - 3 (x-67.0)^2 + (x-67.0)^3 || "
15575.0,49.674600604960695,-22.971739710610663,66.0,-18.0,179.37500000000023,17.54," || -18 - 6 (x-66.0) - (x-66.0)^3 || -25 - 9 (x-67.0) - 3 (x-67.0)^2 + (x-67.0)^3 || "
15601.0,49.674600604960695,-22.971739710610663,66.0,-18.0,179.37500000000023,17.54," || -18 - 6 (x-66.0) - (x-66.0)^3 || -25 - 9 (x-67.0) - 3 (x-67.0)^2 + (x-67.0)^3 || "
15618.0,49.674600604960695,-22.971739710610663,66.0,-18.0,179.37500000000023,17.54," || -18 - 6 (x-66.0) - (x-66.0)^3 || -25 - 9 (x-67.0) - 3 (x-67.0)^2 + (x-67.0)^3 || "
15667.0,49.674600604960695,-22.971739710610663,66.0,-18.0,179.37500000000023,17.54," || -18 - 6 (x-66.0) - (x-66.0)^3 || -25 - 9 (x-67.0) - 3 (x-67.0)^2 + (x-67.0)^3 || "
15684.0,49.674600604960695,-22.971739710610663,66.0,-18.0,179.37500000000023,17.54," || -18 - 6 (x-66.0) - (x-66.0)^3 || -25 - 9 (x-67.0) - 3 (x-67.0)^2 + (x-67.0)^3 || "
15700.0,49.674600604960695,-22.971739710610663,66.0,-18.0,179.37500000000023,17.54," || -18 - 6 (x-66.0) - (x-66.0)^3 || -25 - 9 (x-67.0) - 3 (x-67.0)^2 + (x-67.0)^3 || "
15720.0,49.674600604960695,-22.971739710610663,66.0,-18.0,179.37500000000023,17.54," || -18 - 6 (x-66.0) - (x-66.0)^3 || -25 - 9 (x-67.0) - 3 (x-67.0)^2 + (x-67.0)^3 || "
15737.0,49.674600604960695,-22.971739710610663,66.0,-18.0,179.37500000000023,17.54," || -18 - 6 (x-66.0) - (x-66.0)^3 || -25 - 9 (x-67.0) - 3 (x-67.0)^2 + (x-67.0)^3 || "
15754.0,49.674600604960695,-22.971739710610663,66.0,-18.0,179.37500000000023,17.54," || -18 - 6 (x-66.0) - (x-66.0)^3 || -25 - 9 (x-67.0) - 3 (x-67.0)^2 + (x-67.0)^3 || "
15771.0,49.674600604960695,-22.971739710610663,66.0,-18.0,179.37500000000023,17.54," || -18 - 6 (x-66.0) - (x-66.0)^3 || -25 - 9 (x-67.0) - 3 (x-67.0)^2 + (x-67.0)^3 || "
15789.0,49.674600604960695,-22.971739710610663,66.0,-18.0,179.37500000000023,17.54," || -18 - 6 (x-66.0) - (x-66.0)^3 || -25 - 9 (x-67.0) - 3 (x-67.0)^2 + (x-67.0)^3 || "
15806.0,49.674600604960695,-22.971739710610663,66.0,-18.0,179.37500000000023,17.54," || -18 - 6 (x-66.0) - (x-66.0)^3 || -25 - 9 (x-67.0) - 3 (x-67.0)^2 + (x-67.0)^3 || "
15823.0,49.674600604960695,-22.971739710610663,66.0,-18.0,179.37500000000023,17.54," || -18 - 6 (x-66.0) - (x-66.0)^3 || -25 - 9 (x-67.0) - 3 (x-67.0)^2 + (x-67.0)^3 || "
15840.0,49.674600604960695,-22.971739710610663,66.0,-18.0,179.37500000000023,17.54," || -18 - 6 (x-66.0) - (x-66.0)^3 || -25 - 9 (x-67.0) - 3 (x-67.0)^2 + (x-67.0)^3 || "
15856.0,49.674600604960695,-22.971739710610663,66.0,-18.0,179.37500000000023,17.54," || -18 - 6 (x-66.0) - (x-66.0)^3 || -25 - 9 (x-67.0) - 3 (x-67.0)^2 + (x-67.0)^3 || "
15876.0,49.674600604960695,-22.971739710610663,66.0,-18.0,179.37500000000023,17.54," || -18 - 6 (x-66.0) - (x-66.0)^3 || -25 - 9 (x-67.0) - 3 (x-67.0)^2 + (x-67.0)^3 || "
15895.0,49.674600604960695,-22.971739710610663,66.0,-18.0,179.37500000000023,17.54," || -18 - 6 (x-66.0) - (x-66.0)^3 || -25 - 9 (x-67.0) - 3 (x-67.0)^2 + (x-67.0)^3 || "
15913.0,49.674600604960695,-22.971739710610663,66.0,-18.0,179.37500000000023,17.54," || -18 - 6 (x-66.0) - (x-66.0)^3 || -25 - 9 (x-67.0) - 3 (x-67.0)^2 + (x-67.0)^3 || "
15926.0,49.674600604960695,-22.971739710610663,66.0,-18.0,179.37500000000023,17.54," || -18 - 6 (x-66.0) - (x-66.0)^3 || -25 - 9 (x-67.0) - 3 (x-67.0)^2 + (x-67.0)^3 || "
15940.0,49.674600604960695,-22.971739710610663,66.0,-18.0,179.37500000000023,17.54," || -18 - 6 (x-66.0) - (x-66.0)^3 || -25 - 9 (x-67.0) - 3 (x-67.0)^2 + (x-67.0)^3 || "
15955.0,49.674600604960695,-22.971739710610663,66.0,-18.0,179.37500000000023,17.54," || -18 - 6 (x-66.0) - (x-66.0)^3 || -25 - 9 (x-67.0) - 3 (x-67.0)^2 + (x-67.0)^3 || "
15972.0,49.674600604960695,-22.971739710610663,66.0,-18.0,179.37500000000023,17.54," || -18 - 6 (x-66.0) - (x-66.0)^3 || -25 - 9 (x-67.0) - 3 (x-67.0)^2 + (x-67.0)^3 || "
15989.0,49.674600604960695,-22.971739710610663,66.0,-18.0,179.37500000000023,17.54," || -18 - 6 (x-66.0) - (x-66.0)^3 || -25 - 9 (x-67.0) - 3 (x-67.0)^2 + (x-67.0)^3 || "
16007.0,49.674600604960695,-22.971739710610663,66.0,-18.0,179.37500000000023,17.54," || -18 - 6 (x-66.0) - (x-66.0)^3 || -25 - 9 (x-67.0) - 3 (x-67.0)^2 + (x-67.0)^3 || "
16025.0,49.674600604960695,-22.971739710610663,66.0,-18.0,179.37500000000023,17.54," || -18 - 6 (x-66.0) - (x-66.0)^3 || -25 - 9 (x-67.0) - 3 (x-67.0)^2 + (x-67.0)^3 || "
16044.0,49.674600604960695,-22.971739710610663,66.0,-18.0,179.37500000000023,17.54," || -18 - 6 (x-66.0) - (x-66.0)^3 || -25 - 9 (x-67.0) - 3 (x-67.0)^2 + (x-67.0)^3 || "
16084.0,49.674600604960695,-22.971739710610663,66.0,-18.0,179.37500000000023,17.54," || -18 - 6 (x-66.0) - (x-66.0)^3 || -25 - 9 (x-67.0) - 3 (x-67.0)^2 + (x-67.0)^3 || "
16101.0,49.674600604960695,-22.971739710610663,66.0,-18.0,179.37500000000023,17.54," || -18 - 6 (x-66.0) - (x-66.0)^3 || -25 - 9 (x-67.0) - 3 (x-67.0)^2 + (x-67.0)^3 || "
16118.0,49.674600604960695,-22.971739710610663,66.0,-18.0,179.37500000000023,17.54," || -18 - 6 (x-66.0) - (x-66.0)^3 || -25 - 9 (x-67.0) - 3 (x-67.0)^2 + (x-67.0)^3 || "
16134.0,49.674600604960695,-22.971739710610663,66.0,-18.0,179.37500000000023,17.54," || -18 - 6 (x-66.0) - (x-66.0)^3 || -25 - 9 (x-67.0) - 3 (x-67.0)^2 + (x-67.0)^3 || "
16180.0,49.674600604960695,-22.971739710610663,66.0,-18.0,179.37500000000023,17.54," || -18 - 6 (x-66.0) - (x-66.0)^3 || -25 - 9 (x-67.0) - 3 (x-67.0)^2 + (x-67.0)^3 || "
16197.0,49.674600604960695,-22.971739710610663,66.0,-18.0,179.37500000000023,17.54," || -18 - 6 (x-66.0) - (x-66.0)^3 || -25 - 9 (x-67.0) - 3 (x-67.0)^2 + (x-67.0)^3 || "
16213.0,49.674600604960695,-22.971739710610663,66.0,-18.0,179.37500000000023,17.54," || -18 - 6 (x-66.0) - (x-66.0)^3 || -25 - 9 (x-67.0) - 3 (x-67.0)^2 + (x-67.0)^3 || "
16229.0,49.674600604960695,-22.971739710610663,66.0,-18.0,179.37500000000023,17.54," || -18 - 6 (x-66.0) - (x-66.0)^3 || -25 - 9 (x-67.0) - 3 (x-67.0)^2 + (x-67.0)^3 || "
16245.0,49.674600604960695,-22.971739710610663,66.0,-18.0,179.37500000000023,17.54," || -18 - 6 (x-66.0) - (x-66.0)^3 || -25 - 9 (x-67.0) - 3 (x-67.0)^2 + (x-67.0)^3 || "
16263.0,49.67752182254519,-22.976529119826175,66.0,-18.0,179.37500000000023,17.54," || -18 - 6 (x-66.0) - (x-66.0)^3 || -25 - 9 (x-67.0) - 3 (x-67.0)^2 + (x-67.0)^3 || "
16279.0,49.67752182254519,-22.976529119826175,66.0,-18.0,179.37500000000023,17.54," || -18 - 6 (x-66.0) - (x-66.0)^3 || -25 - 9 (x-67.0) - 3 (x-67.0)^2 + (x-67.0)^3 || "
16296.0,49.67752182254519,-22.976529119826175,66.0,-18.0,179.37500000000023,17.54," || -18 - 6 (x-66.0) - (x-66.0)^3 || -25 - 9 (x-67.0) - 3 (x-67.0)^2 + (x-67.0)^3 || "
16313.0,49.67752182254519,-22.976529119826175,66.0,-18.0,179.37500000000023,17.54," || -18 - 6 (x-66.0) - (x-66.0)^3 || -25 - 9 (x-67.0) - 3 (x-67.0)^2 + (x-67.0)^3 || "
16331.0,49.67752182254519,-22.976529119826175,66.0,-18.0,179.37500000000023,17.54," || -18 - 6 (x-66.0) - (x-66.0)^3 || -25 - 9 (x-67.0) - 3 (x-67.0)^2 + (x-67.0)^3 || "
16351.0,49.671912169429945,-22.97646792557599,66.0,-18.0,179.37500000000023,17.54," || -18 - 6 (x-66.0) - (x-66.0)^3 || -25 - 9 (x-67.0) - 3 (x-67.0)^2 + (x-67.0)^3 || "
16365.0,49.671912169429945,-22.97646792557599,66.0,-18.0,179.37500000000023,17.54," || -18 - 6 (x-66.0) - (x-66.0)^3 || -25 - 9 (x-67.0) - 3 (x-67.0)^2 + (x-67.0)^3 || "
16378.0,49.671912169429945,-22.97646792557599,66.0,-18.0,179.37500000000023,17.54," || -18 - 6 (x-66.0) - (x-66.0)^3 || -25 - 9 (x-67.0) - 3 (x-67.0)^2 + (x-67.0)^3 || "
16395.0,49.671912169429945,-22.97646792557599,66.0,-18.0,179.37500000000023,17.54," || -18 - 6 (x-66.0) - (x-66.0)^3 || -25 - 9 (x-67.0) - 3 (x-67.0)^2 + (x-67.0)^3 || "
16413.0,49.6663025163147,-22.976406731325806,66.0,-18.0,179.37500000000023,17.54," || -18 - 6 (x-66.0) - (x-66.0)^3 || -25 - 9 (x-67.0) - 3 (x-67.0)^2 + (x-67.0)^3 || "
16430.0,49.6663025163147,-22.976406731325802,66.0,-18.0,179.37500000000023,17.54," || -18 - 6 (x-66.0) - (x-66.0)^3 || -25 - 9 (x-67.0) - 3 (x-67.0)^2 + (x-67.0)^3 || "
16442.0,49.6663025163147,-22.976406731325802,66.0,-18.0,179.37500000000023,17.54," || -18 - 6 (x-66.0) - (x-66.0)^3 || -25 - 9 (x-67.0) - 3 (x-67.0)^2 + (x-67.0)^3 || "
16454.0,49.6663025163147,-22.976406731325802,66.0,-18.0,179.37500000000023,17.54," || -18 - 6 (x-66.0) - (x-66.0)^3 || -25 - 9 (x-67.0) - 3 (x-67.0)^2 + (x-67.0)^3 || "
16468.0,49.6663025163147,-22.976406731325802,66.0,-18.0,179.37500000000023,17.54," || -18 - 6 (x-66.0) - (x-66.0)^3 || -25 - 9 (x-67.0) - 3 (x-67.0)^2 + (x-67.0)^3 || "
16484.0,49.6663025163147,-22.976406731325802,66.0,-18.0,179.37500000000023,17.54," || -18 - 6 (x-66.0) - (x-66.0)^3 || -25 - 9 (x-67.0) - 3 (x-67.0)^2 + (x-67.0)^3 || "
16501.0,49.6692237338992,-22.981196140541307,66.0,-18.0,179.37500000000023,17.54," || -18 - 6 (x-66.0) - (x-66.0)^3 || -25 - 9 (x-67.0) - 3 (x-67.0)^2 + (x-67.0)^3 || "
16517.0,49.6692237338992,-22.981196140541307,66.0,-18.0,179.37500000000023,17.54," || -18 - 6 (x-66.0) - (x-66.0)^3 || -25 - 9 (x-67.0) - 3 (x-67.0)^2 + (x-67.0)^3 || "
16534.0,49.6692237338992,-22.981196140541307,66.0,-18.0,179.37500000000023,17.54," || -18 - 6 (x-66.0) - (x-66.0)^3 || -25 - 9 (x-67.0) - 3 (x-67.0)^2 + (x-67.0)^3 || "
16549.0,49.6692237338992,-22.981196140541307,66.0,-18.0,179.37500000000023,17.54," || -18 - 6 (x-66.0) - (x-66.0)^3 || -25 - 9 (x-67.0) - 3 (x-67.0)^2 + (x-67.0)^3 || "
16567.0,49.6692237338992,-22.981196140541307,66.0,-18.0,179.37500000000023,17.54," || -18 - 6 (x-66.0) - (x-66.0)^3 || -25 - 9 (x-67.0) - 3 (x-67.0)^2 + (x-67.0)^3 || "
16600.0,49.6692237338992,-22.981196140541307,66.0,-18.0,179.37500000000023,17.54," || -18 - 6 (x-66.0) - (x-66.0)^3 || -25 - 9 (x-67.0) - 3 (x-67.0)^2 + (x-67.0)^3 || "
16618.0,49.672144951483695,-22.98598554975682,66.0,-18.0,179.37500000000023,17.54," || -18 - 6 (x-66.0) - (x-66.0)^3 || -25 - 9 (x-67.0) - 3 (x-67.0)^2 + (x-67.0)^3 || "
16635.0,49.672144951483695,-22.98598554975682,66.0,-18.0,179.37500000000023,17.54," || -18 - 6 (x-66.0) - (x-66.0)^3 || -25 - 9 (x-67.0) - 3 (x-67.0)^2 + (x-67.0)^3 || "
16681.0,49.672144951483695,-22.98598554975682,66.0,-18.0,179.37500000000023,17.54," || -18 - 6 (x-66.0) - (x-66.0)^3 || -25 - 9 (x-67.0) - 3 (x-67.0)^2 + (x-67.0)^3 || "
16698.0,49.672144951483695,-22.98598554975682,66.0,-18.0,179.37500000000023,17.54," || -18 - 6 (x-66.0) - (x-66.0)^3 || -25 - 9 (x-67.0) - 3 (x-67.0)^2 + (x-67.0)^3 || "
16715.0,49.672144951483695,-22.98598554975682,66.0,-18.0,179.37500000000023,17.54," || -18 - 6 (x-66.0) - (x-66.0)^3 || -25 - 9 (x-67.0) - 3 (x-67.0)^2 + (x-67.0)^3 || "
16731.0,49.672144951483695,-22.98598554975682,66.0,-18.0,179.37500000000023,17.54," || -18 - 6 (x-66.0) - (x-66.0)^3 || -25 - 9 (x-67.0) - 3 (x-67.0)^2 + (x-67.0)^3 || "
16748.0,49.672144951483695,-22.98598554975682,66.0,-18.0,179.37500000000023,17.54," || -18 - 6 (x-66.0) - (x-66.0)^3 || -25 - 9 (x-67.0) - 3 (x-67.0)^2 + (x-67.0)^3 || "
16765.0,49.672144951483695,-22.98598554975682,66.0,-18.0,179.37500000000023,17.54," || -18 - 6 (x-66.0) - (x-66.0)^3 || -25 - 9 (x-67.0) - 3 (x-67.0)^2 + (x-67.0)^3 || "
16785.0,49.672144951483695,-22.98598554975682,66.0,-18.0,179.37500000000023,17.54," || -18 - 6 (x-66.0) - (x-66.0)^3 || -25 - 9 (x-67.0) - 3 (x-67.0)^2 + (x-67.0)^3 || "
16801.0,49.672144951483695,-22.98598554975682,66.0,-18.0,179.37500000000023,17.54," || -18 - 6 (x-66.0) - (x-66.0)^3 || -25 - 9 (x-67.0) - 3 (x-67.0)^2 + (x-67.0)^3 || "
16817.0,49.672144951483695,-22.98598554975682,66.0,-18.0,179.37500000000023,17.54," || -18 - 6 (x-66.0) - (x-66.0)^3 || -25 - 9 (x-67.0) - 3 (x-67.0)^2 + (x-67.0)^3 || "
16834.0,49.672144951483695,-22.98598554975682,66.0,-18.0,179.37500000000023,17.54," || -18 - 6 (x-66.0) - (x-66.0)^3 || -25 - 9 (x-67.0) - 3 (x-67.0)^2 + (x-67.0)^3 || "
16851.0,49.672144951483695,-22.98598554975682,66.0,-18.0,179.37500000000023,17.54," || -18 - 6 (x-66.0) - (x-66.0)^3 || -25 - 9 (x-67.0) - 3 (x-67.0)^2 + (x-67.0)^3 || "
16867.0,49.672144951483695,-22.98598554975682,66.0,-18.0,179.37500000000023,17.54," || -18 - 6 (x-66.0) - (x-66.0)^3 || -25 - 9 (x-67.0) - 3 (x-67.0)^2 + (x-67.0)^3 || "
16886.0,49.672144951483695,-22.98598554975682,66.0,-18.0,179.37500000000023,17.54," || -18 - 6 (x-66.0) - (x-66.0)^3 || -25 - 9 (x-67.0) - 3 (x-67.0)^2 + (x-67.0)^3 || "
16903.0,49.672144951483695,-22.98598554975682,66.0,-18.0,179.37500000000023,17.54," || -18 - 6 (x-66.0) - (x-66.0)^3 || -25 - 9 (x-67.0) - 3 (x-67.0)^2 + (x-67.0)^3 || "
16917.0,49.672144951483695,-22.98598554975682,66.0,-18.0,179.37500000000023,17.54," || -18 - 6 (x-66.0) - (x-66.0)^3 || -25 - 9 (x-67.0) - 3 (x-67.0)^2 + (x-67.0)^3 || "
16930.0,49.672144951483695,-22.98598554975682,66.0,-18.0,179.37500000000023,17.54," || -18 - 6 (x-66.0) - (x-66.0)^3 || -25 - 9 (x-67.0) - 3 (x-67.0)^2 + (x-67.0)^3 || "
17019.0,49.722634833224134,-22.98598995583021,66.0,-22.99,179.37500000000023,0.0," || -18 - 6 (x-66.0) - (x-66.0)^3 || -25 - 9 (x-67.0) - 3 (x-67.0)^2 + (x-67.0)^3 || "
17036.0,49.85166453100527,-22.986001215795532,66.0,-22.99,179.37500000000023,0.0," || -18 - 6 (x-66.0) - (x-66.0)^3 || -25 - 9 (x-67.0) - 3 (x-67.0)^2 + (x-67.0)^3 || "
17127.0,49.90237413872626,-22.73515907971094,52.90701976270726,-28.471783371603426,179.5000000000002,7.59," || -28 + 0.5001253904645789 (x--22.0) - 7.12829561957631E-4 (x--22.0)^3 || -23 - 0.11789783975268714 (x--5.0) - 0.036354307659839186 (x--5.0)^2 + 0.0010236982902738832 (x--5.0)^3 || -30 - 0.4950353979371988 (x-11.0) + 0.01278321027330721 (x-11.0)^2 - 2.3075626047221613E-6 (x-11.0)^3 || -30 + 0.4915255952154164 (x-50.0) + 0.012513225448554717 (x-50.0)^2 - 2.606921968448899E-4 (x-50.0)^3 || "
17170.0,49.8232133270092,-23.66396209323547,52.90701976270726,-28.471783371603426,179.8750000000002,3.46," || -28 + 0.5001253904645789 (x--22.0) - 7.12829561957631E-4 (x--22.0)^3 || -23 - 0.11789783975268714 (x--5.0) - 0.036354307659839186 (x--5.0)^2 + 0.0010236982902738832 (x--5.0)^3 || -30 - 0.4950353979371988 (x-11.0) + 0.01278321027330721 (x-11.0)^2 - 2.3075626047221613E-6 (x-11.0)^3 || -30 + 0.4915255952154164 (x-50.0) + 0.012513225448554717 (x-50.0)^2 - 2.606921968448899E-4 (x-50.0)^3 || "
17215.0,49.624939722251796,-24.10924846209385,52.57216547893802,-28.657363230531182,-179.81249999999983,15.54," || -28 + 0.5001253904645789 (x--22.0) - 7.12829561957631E-4 (x--22.0)^3 || -23 - 0.11789783975268714 (x--5.0) - 0.036354307659839186 (x--5.0)^2 + 0.0010236982902738832 (x--5.0)^3 || -30 - 0.4950353979371988 (x-11.0) + 0.01278321027330721 (x-11.0)^2 - 2.3075626047221613E-6 (x-11.0)^3 || -30 + 0.4915255952154164 (x-50.0) + 0.012513225448554717 (x-50.0)^2 - 2.606921968448899E-4 (x-50.0)^3 || "
17253.0,49.526281217591254,-24.412957169153177,52.1989576263061,-28.86142131705563,-179.49999999999983,10.83," || -28 + 0.5001253904645789 (x--22.0) - 7.12829561957631E-4 (x--22.0)^3 || -23 - 0.11789783975268714 (x--5.0) - 0.036354307659839186 (x--5.0)^2 + 0.0010236982902738832 (x--5.0)^3 || -30 - 0.4950353979371988 (x-11.0) + 0.01278321027330721 (x-11.0)^2 - 2.3075626047221613E-6 (x-11.0)^3 || -30 + 0.4915255952154164 (x-50.0) + 0.012513225448554717 (x-50.0)^2 - 2.606921968448899E-4 (x-50.0)^3 || "
17296.0,49.39502560234291,-24.879779487387744,51.987211909171194,-28.975865404189854,-179.68749999999983,8.63," || -28 + 0.5001253904645789 (x--22.0) - 7.12829561957631E-4 (x--22.0)^3 || -23 - 0.11789783975268714 (x--5.0) - 0.036354307659839186 (x--5.0)^2 + 0.0010236982902738832 (x--5.0)^3 || -30 - 0.4950353979371988 (x-11.0) + 0.01278321027330721 (x-11.0)^2 - 2.3075626047221613E-6 (x-11.0)^3 || -30 + 0.4915255952154164 (x-50.0) + 0.012513225448554717 (x-50.0)^2 - 2.606921968448899E-4 (x-50.0)^3 || "
17335.0,49.215593001212085,-25.322757552442113,51.666253440590665,-29.147458070922582,179.6875000000002,11.28," || -28 + 0.5001253904645789 (x--22.0) - 7.12829561957631E-4 (x--22.0)^3 || -23 - 0.11789783975268714 (x--5.0) - 0.036354307659839186 (x--5.0)^2 + 0.0010236982902738832 (x--5.0)^3 || -30 - 0.4950353979371988 (x-11.0) + 0.01278321027330721 (x-11.0)^2 - 2.3075626047221613E-6 (x-11.0)^3 || -30 + 0.4915255952154164 (x-50.0) + 0.012513225448554717 (x-50.0)^2 - 2.606921968448899E-4 (x-50.0)^3 || "
17381.0,48.99282154536258,-25.803871931229175,51.31831946195072,-29.330861975423097,178.8125000000002,11.95," || -28 + 0.5001253904645789 (x--22.0) - 7.12829561957631E-4 (x--22.0)^3 || -23 - 0.11789783975268714 (x--5.0) - 0.036354307659839186 (x--5.0)^2 + 0.0010236982902738832 (x--5.0)^3 || -30 - 0.4950353979371988 (x-11.0) + 0.01278321027330721 (x-11.0)^2 - 2.3075626047221613E-6 (x-11.0)^3 || -30 + 0.4915255952154164 (x-50.0) + 0.012513225